time_step,odometry,r_00,r_01,r_02,r_03,r_04,r_05,r_06,r_07,r_08,r_09,r_10,r_11,r_12,r_13,r_14,r_15,r_16,r_17,r_18,r_19,r_20,r_21,r_22,r_23,r_24,r_25,r_26,r_27,r_28,r_29,r_30
0,stay,1.832,1.67,1.926,1.856,2.237,2.041,2.068,1.828,2.288,2.205,2.195,2.499,2.577,2.707,2.679,2.922,2.715,3.115,3.054,2.95,2.873,2.614,2.65,2.512,2.383,2.228,2.233,1.814,1.763,1.522,1.722
1,stay,1.833,1.956,1.863,2.055,1.926,2.01,2.043,1.967,2.263,2.273,2.306,2.557,2.639,2.549,2.701,2.699,2.541,2.755,2.875,2.673,2.824,2.714,2.67,2.668,2.277,2.392,2.217,1.734,1.784,1.661,1.522
2,move,2.152,2.099,2.347,2.09,2.137,2.449,2.351,2.417,2.432,2.385,2.537,2.751,2.215,2.639,2.382,2.356,2.831,2.705,2.416,2.59,2.407,2.371,2.327,2.18,2.262,2.21,1.869,1.798,1.96,1.807,1.711
3,stay,1.911,2.323,2.144,2.407,2.195,2.375,2.206,2.35,2.399,2.507,2.497,2.445,2.521,2.684,2.442,2.574,2.729,2.75,2.648,2.574,2.54,2.421,2.484,2.111,2.121,2.11,1.947,1.943,1.53,1.688,1.637
4,move,2.826,2.512,2.685,2.703,4.5,4.5,4.5,3.026,2.634,2.834,2.504,2.449,2.464,2.537,2.533,2.643,2.46,2.284,2.52,2.195,1.715,2.423,1.686,2.025,2.024,1.943,1.752,2.022,1.9,1.831,1.727
5,move,2.547,2.697,2.67,2.739,2.942,2.657,3.014,3.084,2.661,2.874,2.47,2.559,2.611,2.233,2.103,1.946,2.145,1.962,1.991,2.059,2.064,1.919,1.86,2.057,2.014,1.82,1.962,1.853,2.079,1.912,2.034
6,stay,2.513,2.649,2.669,2.913,2.954,2.971,2.873,3.015,2.702,2.67,2.661,2.535,2.486,2.287,2.233,1.957,1.938,2.069,1.85,2.031,2.014,2.014,2.037,1.748,1.777,1.837,1.881,1.929,1.979,2.05,2.12
7,move,1.829,1.871,1.887,1.94,1.972,2.223,2.21,1.909,2.119,2.25,2.084,2.353,2.269,2.6,2.776,2.737,2.922,2.938,2.853,2.755,2.881,2.71,2.593,2.674,2.49,2.413,2.021,1.666,1.834,1.802,1.707
8,move,2.221,2.331,2.303,2.221,4.5,4.5,4.5,2.903,2.504,2.559,2.448,2.758,2.414,2.726,1.851,2.439,2.762,2.267,2.598,2.712,2.263,2.491,2.06,2.174,2.461,2.274,1.716,1.68,1.599,1.375,1.328
9,stay,1.912,2.161,2.254,2.508,2.352,2.322,2.563,2.335,2.445,2.287,2.398,2.598,2.559,2.605,2.488,2.516,2.56,2.552,2.566,2.384,2.58,2.311,2.521,2.238,1.939,1.925,1.995,1.844,1.654,1.746,1.556
10,move,2.25,2.368,2.754,2.581,2.774,2.923,2.994,2.734,2.893,2.872,2.534,2.469,2.667,2.301,2.338,2.336,2.353,2.345,2.117,2.257,2.048,2.184,2.099,2.136,2.08,1.941,1.746,1.832,1.786,1.73,1.72
11,move,2.523,2.547,2.695,2.988,3.197,3.074,3.168,2.928,2.929,2.752,2.57,2.571,2.407,2.176,2.16,2.143,2.112,2.034,1.909,1.914,2.057,1.808,1.959,1.855,1.826,2.041,1.914,1.802,2.085,1.918,2.23
