sequence,frame,near_y_px,near_center_x_px,far_y_px,far_center_x_px
clear,0,260,241.16,170,242.93
clear,1,260,242.38,170,243.85
clear,2,260,243.58,170,244.75
clear,3,260,244.76,170,245.61
clear,4,260,245.91,170,246.43
clear,5,260,247.01,170,247.21
clear,6,260,248.07,170,247.94
clear,7,260,249.06,170,248.61
clear,8,260,250.0,170,249.22
clear,9,260,250.87,170,249.77
clear,10,260,251.66,170,250.25
clear,11,260,252.37,170,250.66
clear,12,260,252.99,170,251.0
clear,13,260,253.53,170,251.26
clear,14,260,253.97,170,251.44
clear,15,260,254.31,170,251.54
clear,16,260,254.56,170,251.56
clear,17,260,254.7,170,251.5
clear,18,260,254.74,170,251.36
clear,19,260,254.68,170,251.15
clear,20,260,254.52,170,250.85
clear,21,260,254.26,170,250.48
clear,22,260,253.89,170,250.04
clear,23,260,253.43,170,249.53
shadow,0,260,241.16,170,242.93
shadow,1,260,242.38,170,243.85
shadow,2,260,243.58,170,244.75
shadow,3,260,244.76,170,245.61
shadow,4,260,245.91,170,246.43
shadow,5,260,247.01,170,247.21
shadow,6,260,248.07,170,247.94
shadow,7,260,249.06,170,248.61
shadow,8,260,250.0,170,249.22
shadow,9,260,250.87,170,249.77
shadow,10,260,251.66,170,250.25
shadow,11,260,252.37,170,250.66
shadow,12,260,252.99,170,251.0
shadow,13,260,253.53,170,251.26
shadow,14,260,253.97,170,251.44
shadow,15,260,254.31,170,251.54
shadow,16,260,254.56,170,251.56
shadow,17,260,254.7,170,251.5
shadow,18,260,254.74,170,251.36
shadow,19,260,254.68,170,251.15
shadow,20,260,254.52,170,250.85
shadow,21,260,254.26,170,250.48
shadow,22,260,253.89,170,250.04
shadow,23,260,253.43,170,249.53
missing,0,260,241.16,170,242.93
missing,1,260,242.38,170,243.85
missing,2,260,243.58,170,244.75
missing,3,260,244.76,170,245.61
missing,4,260,245.91,170,246.43
missing,5,260,247.01,170,247.21
missing,6,260,248.07,170,247.94
missing,7,260,249.06,170,248.61
missing,8,260,250.0,170,249.22
missing,9,260,250.87,170,249.77
missing,10,260,251.66,170,250.25
missing,11,260,252.37,170,250.66
missing,12,260,252.99,170,251.0
missing,13,260,253.53,170,251.26
missing,14,260,253.97,170,251.44
missing,15,260,254.31,170,251.54
missing,16,260,254.56,170,251.56
missing,17,260,254.7,170,251.5
missing,18,260,254.74,170,251.36
missing,19,260,254.68,170,251.15
missing,20,260,254.52,170,250.85
missing,21,260,254.26,170,250.48
missing,22,260,253.89,170,250.04
missing,23,260,253.43,170,249.53
