scene,frame,time_s,speed_mps,r_000,r_001,r_002,r_003,r_004,r_005,r_006,r_007,r_008,r_009,r_010,r_011,r_012,r_013,r_014,r_015,r_016,r_017,r_018,r_019,r_020,r_021,r_022,r_023,r_024,r_025,r_026,r_027,r_028,r_029,r_030,r_031,r_032,r_033,r_034,r_035,r_036,r_037,r_038,r_039,r_040,r_041,r_042,r_043,r_044,r_045,r_046,r_047,r_048,r_049,r_050,r_051,r_052,r_053,r_054,r_055,r_056,r_057,r_058,r_059,r_060,r_061,r_062,r_063,r_064,r_065,r_066,r_067,r_068,r_069,r_070,r_071,r_072,r_073,r_074,r_075,r_076,r_077,r_078,r_079,r_080,r_081,r_082,r_083,r_084,r_085,r_086,r_087,r_088,r_089,r_090,r_091,r_092,r_093,r_094,r_095,r_096,r_097,r_098,r_099,r_100,r_101,r_102,r_103,r_104,r_105,r_106,r_107,r_108,r_109,r_110,r_111,r_112,r_113,r_114,r_115,r_116,r_117,r_118,r_119,r_120,r_121,r_122,r_123,r_124,r_125,r_126,r_127,r_128,r_129,r_130,r_131,r_132,r_133,r_134,r_135,r_136,r_137,r_138,r_139,r_140,r_141,r_142,r_143,r_144,r_145,r_146,r_147,r_148,r_149,r_150,r_151,r_152,r_153,r_154,r_155,r_156,r_157,r_158,r_159,r_160,r_161,r_162,r_163,r_164,r_165,r_166,r_167,r_168,r_169,r_170,r_171,r_172,r_173,r_174,r_175,r_176,r_177,r_178,r_179,r_180
clear,0,0.0,1.45,1.974,1.992,2.024,1.969,2.054,1.997,2.018,2.018,2.016,2.007,2.04,2.054,2.039,2.054,2.013,2.032,2.152,2.029,2.106,2.095,2.134,2.098,2.176,2.191,2.2,2.191,2.188,2.181,2.244,2.287,2.281,2.317,2.354,2.39,2.437,2.445,2.429,2.496,2.528,2.469,2.596,2.645,2.696,2.745,2.828,2.846,2.864,2.95,3.029,3.005,3.133,3.234,3.244,3.374,3.354,3.458,3.549,3.646,3.796,3.926,3.996,4.126,4.27,4.419,4.534,4.702,4.882,5.14,5.37,5.563,5.86,6.16,6.517,6.848,7.233,7.756,7.973,8.0,7.976,7.994,8.0,8.0,7.98,8.0,7.985,7.957,7.993,7.961,7.946,7.996,7.944,7.943,7.981,8.0,7.994,8.0,8.0,7.977,8.0,8.0,7.897,8.0,7.884,8.0,7.974,7.734,7.268,6.886,6.475,6.182,5.836,5.535,5.408,5.182,4.867,4.726,4.565,4.456,4.242,4.077,3.978,3.939,3.829,3.652,3.532,3.507,3.4,3.351,3.245,3.148,3.13,3.017,3.004,2.981,2.846,2.748,2.773,2.701,2.706,2.627,2.663,2.494,2.557,2.435,2.42,2.426,2.389,2.397,2.343,2.325,2.333,2.237,2.233,2.182,2.205,2.273,2.242,2.254,2.114,2.077,2.119,2.144,2.084,2.039,2.031,2.059,2.036,2.052,2.065,2.085,2.086,2.02,2.128,2.096,2.061,2.059,1.951,1.964,1.992,2.047,2.015
clear,1,0.1,1.45,2.037,1.958,1.96,1.992,1.951,1.984,1.97,1.954,2.002,2.064,2.041,2.076,2.064,2.036,2.071,2.053,2.089,2.157,2.079,2.142,2.181,2.198,2.169,2.16,2.195,2.215,2.238,2.222,2.244,2.26,2.329,2.365,2.276,2.408,2.39,2.37,2.383,2.492,2.537,2.571,2.636,2.686,2.696,2.736,2.755,2.845,2.879,2.979,2.936,3.035,3.123,3.203,3.237,3.346,3.418,3.532,3.585,3.68,3.78,3.905,4.002,4.134,4.322,4.41,4.579,4.777,4.918,5.089,5.33,5.532,5.825,6.202,6.518,6.836,7.286,7.705,7.976,8.0,8.0,8.0,7.995,7.966,8.0,7.972,8.0,8.0,7.968,8.0,8.0,8.0,8.0,7.964,8.0,7.99,8.0,8.0,8.0,7.981,8.0,8.0,7.993,8.0,8.0,8.0,8.0,7.778,7.245,6.822,6.562,6.161,5.832,5.606,5.309,5.106,4.887,4.676,4.624,4.379,4.216,4.131,3.986,3.892,3.745,3.644,3.574,3.457,3.443,3.34,3.278,3.206,3.088,3.034,3.002,2.93,2.881,2.812,2.778,2.72,2.677,2.636,2.642,2.541,2.546,2.524,2.484,2.486,2.454,2.367,2.336,2.381,2.298,2.288,2.292,2.191,2.22,2.173,2.165,2.178,2.178,2.119,2.077,2.08,2.084,2.131,2.053,2.086,2.079,2.091,2.046,2.029,2.044,2.014,1.972,2.02,1.981,2.079,2.006,1.994,2.048,1.938,2.023
clear,2,0.2,1.45,2.025,2.024,1.987,1.994,1.99,2.03,1.956,1.985,2.061,2.05,2.048,2.052,2.03,2.091,2.023,2.05,2.146,2.075,2.142,2.17,2.168,2.112,2.19,2.142,2.22,2.153,2.214,2.228,2.294,2.34,2.323,2.367,2.413,2.381,2.428,2.393,2.504,2.502,2.543,2.601,2.565,2.674,2.747,2.751,2.771,2.828,2.922,2.907,2.964,3.006,3.159,3.146,3.214,3.276,3.404,3.527,3.61,3.672,3.735,3.904,4.037,4.159,4.221,4.355,4.536,4.737,4.932,5.145,5.336,5.541,5.858,6.117,6.432,6.785,7.228,7.717,7.936,7.988,7.939,8.0,7.991,8.0,7.997,8.0,8.0,8.0,7.961,8.0,7.98,7.938,7.986,8.0,7.928,7.979,8.0,7.998,8.0,8.0,8.0,7.993,8.0,8.0,8.0,7.971,7.983,7.726,7.217,6.875,6.491,6.105,5.862,5.623,5.431,5.115,4.928,4.736,4.578,4.369,4.221,4.124,3.991,3.923,3.739,3.721,3.636,3.438,3.413,3.375,3.259,3.143,3.048,3.114,2.969,2.969,2.883,2.87,2.832,2.663,2.678,2.612,2.629,2.537,2.462,2.52,2.587,2.49,2.396,2.442,2.339,2.372,2.236,2.31,2.213,2.229,2.227,2.209,2.092,2.203,2.153,2.19,2.204,2.063,1.996,2.053,2.094,2.044,2.012,2.069,2.093,2.084,1.967,2.077,2.028,2.01,1.954,2.015,1.957,2.006,2.029,2.014,2.015
clear,3,0.3,1.45,1.947,1.995,2.048,2.023,1.945,1.993,2.062,2.039,2.026,2.022,2.016,1.995,2.075,2.049,2.053,2.07,2.095,2.129,2.059,2.142,2.102,2.159,2.111,2.163,2.229,2.193,2.229,2.259,2.247,2.329,2.263,2.32,2.298,2.353,2.423,2.43,2.482,2.498,2.538,2.547,2.59,2.566,2.681,2.707,2.753,2.781,2.86,2.969,2.95,3.039,3.005,3.222,3.246,3.372,3.344,3.47,3.622,3.653,3.807,3.835,3.99,4.107,4.299,4.39,4.562,4.758,4.943,5.095,5.321,5.553,5.795,6.157,6.481,6.831,7.224,7.714,8.0,8.0,8.0,8.0,7.997,8.0,7.99,7.934,7.924,7.985,8.0,8.0,8.0,7.978,7.976,7.99,8.0,7.984,8.0,8.0,7.996,7.951,8.0,8.0,8.0,8.0,8.0,8.0,8.0,7.796,7.236,6.882,6.433,6.112,5.805,5.533,5.319,5.079,4.907,4.767,4.561,4.446,4.326,4.084,3.986,3.89,3.8,3.693,3.6,3.474,3.383,3.285,3.236,3.231,3.113,3.034,2.963,2.932,2.877,2.846,2.776,2.727,2.7,2.656,2.586,2.533,2.482,2.489,2.539,2.436,2.44,2.408,2.398,2.269,2.348,2.211,2.224,2.185,2.205,2.203,2.153,2.117,2.221,2.129,2.121,2.091,2.109,2.062,2.089,2.082,2.066,2.072,2.032,2.073,2.026,2.016,2.007,1.989,1.993,1.982,1.967,2.012,1.945,2.009,2.012
clear,4,0.4,1.45,1.963,2.034,1.965,2.016,2.032,1.993,2.05,2.029,2.063,2.001,2.032,2.033,2.063,2.033,2.028,2.074,2.106,2.078,2.095,2.108,2.098,2.143,2.13,2.17,2.162,2.162,2.23,2.273,2.275,2.226,2.312,2.343,2.352,2.375,2.36,2.414,2.392,2.476,2.519,2.569,2.691,2.652,2.708,2.665,2.779,2.825,2.904,2.907,2.96,3.033,3.16,3.164,3.209,3.335,3.401,3.449,3.586,3.667,3.763,3.85,3.993,4.101,4.294,4.412,4.507,4.693,4.904,5.117,5.319,5.578,5.847,6.172,6.452,6.914,7.284,7.679,7.972,7.957,8.0,8.0,8.0,7.935,8.0,7.999,7.967,8.0,7.988,7.994,7.953,7.996,8.0,8.0,7.986,8.0,8.0,7.883,7.985,8.0,8.0,8.0,7.968,7.994,7.992,7.998,7.993,7.727,7.275,6.835,6.447,6.142,5.834,5.577,5.273,5.08,4.938,4.703,4.505,4.401,4.264,4.128,3.997,3.87,3.762,3.654,3.527,3.428,3.356,3.287,3.329,3.211,3.165,3.064,2.973,2.917,2.847,2.872,2.859,2.753,2.651,2.675,2.592,2.634,2.595,2.472,2.485,2.459,2.496,2.363,2.324,2.341,2.369,2.289,2.263,2.256,2.166,2.164,2.179,2.191,2.104,2.156,2.11,2.104,2.104,2.1,2.102,2.114,2.034,2.064,2.053,2.056,2.03,2.047,2.061,2.019,2.031,1.984,1.97,2.068,1.944,2.032,1.996
clear,5,0.5,1.45,2.006,2.03,1.985,2.054,1.994,2.046,1.99,2.06,2.022,2.008,2.063,2.068,1.978,2.047,2.052,2.094,2.098,2.062,2.069,2.164,2.115,2.146,2.165,2.203,2.175,2.211,2.221,2.242,2.266,2.225,2.323,2.303,2.291,2.416,2.378,2.404,2.466,2.51,2.577,2.58,2.651,2.705,2.645,2.646,2.795,2.804,2.926,2.944,2.972,3.017,3.11,3.16,3.251,3.302,3.382,3.444,3.576,3.67,3.788,3.886,4.021,4.135,4.239,4.421,4.55,4.728,4.91,5.17,5.314,5.559,5.821,6.108,6.513,6.853,7.289,7.684,7.954,8.0,8.0,7.985,8.0,8.0,8.0,8.0,7.997,7.992,7.966,7.983,7.987,7.946,8.0,8.0,8.0,7.976,8.0,7.956,8.0,8.0,7.945,8.0,8.0,8.0,8.0,7.985,8.0,7.734,7.284,6.843,6.457,6.095,5.831,5.631,5.346,5.141,4.88,4.758,4.541,4.385,4.295,4.113,3.93,3.917,3.763,3.673,3.596,3.519,3.43,3.299,3.248,3.149,3.091,3.01,3.026,2.886,2.845,2.827,2.776,2.763,2.694,2.719,2.58,2.568,2.597,2.552,2.462,2.474,2.361,2.431,2.408,2.356,2.322,2.272,2.319,2.246,2.228,2.21,2.189,2.13,2.158,2.212,2.122,2.125,2.059,2.092,2.098,2.036,2.053,2.051,2.048,2.009,2.026,2.049,1.998,1.921,1.967,1.954,1.963,1.949,1.947,1.996,1.988
clear,6,0.6,1.45,2.016,1.957,1.993,1.947,2.043,2.009,1.984,2.043,2.072,2.004,2.061,2.033,2.069,2.101,2.091,1.997,2.102,2.12,2.051,2.142,2.127,2.146,2.171,2.217,2.193,2.175,2.217,2.243,2.27,2.313,2.289,2.311,2.287,2.42,2.395,2.486,2.506,2.461,2.529,2.598,2.61,2.606,2.754,2.708,2.807,2.887,2.899,2.939,3.004,3.005,3.114,3.245,3.242,3.369,3.401,3.508,3.593,3.738,3.784,3.876,4.023,4.116,4.247,4.394,4.604,4.731,4.945,5.141,5.377,5.541,5.828,6.111,6.407,6.862,7.24,7.753,8.0,8.0,8.0,8.0,8.0,8.0,7.976,8.0,8.0,8.0,7.935,7.93,8.0,8.0,7.998,8.0,8.0,8.0,7.973,7.967,8.0,7.99,8.0,7.96,8.0,8.0,8.0,8.0,7.949,7.728,7.254,6.877,6.462,6.115,5.827,5.528,5.322,5.115,4.9,4.712,4.591,4.434,4.303,4.205,3.983,3.833,3.751,3.655,3.609,3.456,3.443,3.304,3.26,3.222,3.113,3.042,3.002,2.956,2.934,2.77,2.83,2.775,2.689,2.684,2.706,2.609,2.483,2.426,2.518,2.481,2.453,2.377,2.288,2.304,2.306,2.267,2.257,2.216,2.187,2.236,2.193,2.184,2.226,2.168,2.108,2.133,2.106,2.102,2.119,2.075,2.088,2.033,2.079,2.004,2.017,2.041,2.061,1.995,2.015,2.011,2.022,1.977,1.981,1.996,1.989
clear,7,0.7,1.45,2.017,1.978,1.979,2.012,2.025,2.018,2.036,2.01,2.074,2.001,2.032,1.97,2.047,2.039,2.097,2.096,2.091,2.058,2.157,2.126,2.102,2.149,2.172,2.199,2.232,2.19,2.261,2.269,2.255,2.349,2.312,2.34,2.358,2.376,2.425,2.454,2.525,2.499,2.566,2.533,2.644,2.723,2.607,2.75,2.814,2.819,2.935,2.998,2.994,3.042,3.093,3.166,3.238,3.379,3.438,3.508,3.641,3.673,3.724,3.86,4.047,4.176,4.284,4.366,4.603,4.717,4.928,5.175,5.354,5.573,5.879,6.185,6.446,6.889,7.268,7.734,7.984,8.0,8.0,8.0,7.997,7.973,8.0,7.975,7.926,7.962,7.987,7.992,7.979,8.0,8.0,8.0,8.0,7.986,8.0,8.0,8.0,8.0,7.977,8.0,7.994,8.0,7.928,8.0,7.991,7.742,7.226,6.846,6.393,6.071,5.813,5.658,5.305,5.093,4.966,4.814,4.513,4.402,4.334,4.168,3.945,3.847,3.81,3.623,3.62,3.482,3.298,3.367,3.24,3.189,3.125,3.082,3.009,2.95,2.846,2.828,2.754,2.691,2.719,2.683,2.554,2.573,2.535,2.505,2.457,2.467,2.43,2.342,2.378,2.378,2.334,2.3,2.289,2.248,2.213,2.16,2.184,2.178,2.198,2.157,2.102,2.074,2.115,2.084,2.128,2.039,2.028,2.048,2.023,2.058,1.978,2.005,2.047,1.976,2.02,2.031,2.01,1.967,1.984,2.027,1.985
clear,8,0.8,1.45,2.012,2.018,1.992,2.001,2.029,1.995,2.023,2.023,2.081,2.056,2.089,2.129,2.112,2.053,2.092,2.076,2.049,2.07,2.099,2.085,2.112,2.188,2.182,2.147,2.219,2.221,2.198,2.217,2.241,2.255,2.209,2.368,2.368,2.391,2.425,2.504,2.467,2.508,2.495,2.597,2.611,2.647,2.747,2.738,2.801,2.783,2.93,2.94,3.033,3.063,3.086,3.22,3.269,3.372,3.362,3.479,3.553,3.683,3.812,3.912,4.008,4.104,4.304,4.427,4.608,4.768,4.913,5.128,5.303,5.537,5.899,6.18,6.48,6.858,7.268,7.733,8.0,8.0,8.0,7.986,8.0,8.0,7.934,7.976,8.0,8.0,8.0,8.0,8.0,8.0,8.0,7.984,8.0,8.0,8.0,8.0,7.911,7.947,8.0,8.0,8.0,8.0,8.0,7.946,8.0,7.701,7.264,6.851,6.532,6.158,5.867,5.624,5.31,5.161,4.896,4.771,4.563,4.339,4.308,4.166,4.099,3.867,3.79,3.599,3.652,3.519,3.426,3.293,3.204,3.078,3.103,3.047,2.947,2.959,2.932,2.801,2.773,2.713,2.713,2.638,2.564,2.544,2.468,2.497,2.502,2.41,2.405,2.42,2.403,2.338,2.251,2.335,2.267,2.238,2.198,2.176,2.164,2.16,2.188,2.161,2.168,2.139,2.149,2.106,2.082,2.096,2.137,2.088,2.057,2.078,2.039,2.016,1.974,2.059,2.036,1.991,1.982,2.061,1.993,1.966,1.939
clear,9,0.9,1.45,1.999,1.999,2.04,2.017,2.004,1.947,2.014,1.994,2.015,1.981,2.065,1.999,2.063,2.022,2.123,2.106,2.046,2.06,2.078,2.077,2.173,2.162,2.2,2.184,2.147,2.18,2.267,2.268,2.288,2.275,2.31,2.371,2.319,2.39,2.414,2.487,2.561,2.535,2.568,2.574,2.66,2.702,2.671,2.737,2.841,2.873,2.847,2.934,3.028,3.074,3.151,3.209,3.228,3.323,3.375,3.474,3.559,3.666,3.779,3.88,3.958,4.121,4.287,4.489,4.574,4.707,4.868,5.187,5.358,5.567,5.82,6.127,6.502,6.831,7.24,7.693,7.98,7.98,8.0,7.978,8.0,8.0,8.0,7.992,8.0,8.0,8.0,7.987,7.958,8.0,8.0,8.0,7.979,7.981,7.987,7.959,8.0,8.0,8.0,7.988,8.0,8.0,8.0,8.0,8.0,7.776,7.249,6.792,6.451,6.134,5.847,5.601,5.29,5.052,4.936,4.727,4.616,4.384,4.272,4.121,4.024,3.811,3.795,3.704,3.511,3.444,3.432,3.34,3.265,3.168,3.088,3.108,3.002,2.974,2.976,2.827,2.751,2.706,2.677,2.73,2.572,2.574,2.607,2.525,2.532,2.458,2.418,2.38,2.307,2.341,2.354,2.238,2.259,2.237,2.155,2.173,2.174,2.144,2.152,2.176,2.222,2.087,2.119,2.115,2.063,2.048,2.122,2.034,2.053,2.068,2.009,1.964,2.007,2.06,2.058,1.987,2.01,1.967,1.957,2.022,2.021
clear,10,1.0,1.45,1.955,2.043,2.012,1.988,2.019,2.02,1.982,1.987,2.052,2.042,2.068,1.99,2.075,2.024,2.122,2.095,2.15,2.103,2.105,2.13,2.2,2.122,2.162,2.201,2.131,2.136,2.238,2.241,2.275,2.307,2.263,2.354,2.309,2.399,2.462,2.429,2.508,2.461,2.531,2.534,2.56,2.703,2.738,2.727,2.799,2.895,2.861,2.931,2.995,3.005,3.104,3.218,3.208,3.373,3.415,3.48,3.501,3.69,3.756,3.884,4.017,4.136,4.283,4.353,4.534,4.732,4.918,5.104,5.384,5.523,5.865,6.157,6.51,6.807,7.278,7.741,8.0,8.0,8.0,8.0,7.99,8.0,8.0,7.989,7.999,8.0,7.945,8.0,8.0,7.999,8.0,7.955,8.0,8.0,8.0,8.0,8.0,8.0,8.0,7.999,7.94,8.0,8.0,7.968,8.0,7.703,7.238,6.832,6.529,6.132,5.794,5.549,5.303,5.073,4.865,4.707,4.586,4.423,4.248,4.186,4.019,3.878,3.749,3.7,3.598,3.488,3.473,3.315,3.239,3.196,3.134,3.059,2.952,2.981,2.953,2.835,2.758,2.734,2.732,2.626,2.629,2.641,2.527,2.507,2.463,2.426,2.437,2.337,2.376,2.329,2.317,2.341,2.319,2.256,2.21,2.221,2.221,2.185,2.153,2.14,2.117,2.099,2.099,2.114,2.094,2.033,2.095,2.031,2.065,2.03,2.088,2.011,2.06,2.017,2.009,2.072,1.958,2.094,2.045,1.987,2.027
clear,11,1.1,1.45,1.976,1.991,1.989,2.02,2.016,2.054,2.008,2.049,2.084,2.025,2.091,2.036,2.035,2.117,2.001,2.111,2.111,2.07,2.103,2.138,2.115,2.158,2.092,2.152,2.167,2.255,2.193,2.237,2.261,2.193,2.313,2.375,2.368,2.478,2.431,2.405,2.446,2.453,2.571,2.59,2.643,2.654,2.678,2.737,2.796,2.867,2.91,2.949,2.97,3.02,3.118,3.202,3.297,3.349,3.373,3.429,3.606,3.643,3.791,3.896,3.951,4.206,4.284,4.391,4.524,4.746,4.91,5.042,5.309,5.615,5.858,6.12,6.489,6.803,7.268,7.752,8.0,8.0,7.994,7.935,7.978,7.99,8.0,8.0,7.978,8.0,7.991,8.0,7.992,8.0,7.933,8.0,7.969,7.972,7.998,7.99,7.976,8.0,8.0,8.0,7.929,7.949,7.956,8.0,7.99,7.684,7.233,6.772,6.456,6.192,5.883,5.588,5.308,5.099,4.945,4.735,4.58,4.411,4.272,4.094,4.002,3.994,3.74,3.743,3.585,3.505,3.37,3.36,3.231,3.147,3.113,3.033,3.009,2.906,2.911,2.824,2.758,2.719,2.726,2.604,2.58,2.545,2.536,2.48,2.439,2.419,2.368,2.43,2.364,2.36,2.328,2.293,2.271,2.254,2.209,2.236,2.221,2.208,2.14,2.166,2.169,2.149,2.08,2.132,2.114,2.063,2.088,2.077,2.076,2.047,2.029,1.98,1.983,2.042,2.007,2.034,2.028,1.989,1.966,1.988,2.004
clear,12,1.2,1.45,1.953,2.016,1.956,2.064,2.024,1.974,2.086,1.935,2.043,2.032,1.974,2.087,2.036,2.076,2.035,2.072,2.089,2.126,2.14,2.095,2.08,2.156,2.171,2.161,2.214,2.188,2.167,2.255,2.256,2.316,2.326,2.355,2.374,2.378,2.429,2.412,2.475,2.513,2.538,2.596,2.615,2.628,2.707,2.749,2.768,2.794,2.934,2.914,2.982,3.088,3.166,3.199,3.297,3.362,3.364,3.447,3.623,3.647,3.749,3.925,3.955,4.122,4.233,4.391,4.576,4.742,4.94,5.125,5.298,5.557,5.803,6.073,6.513,6.787,7.206,7.755,7.964,7.965,8.0,8.0,7.984,8.0,7.974,7.986,7.98,8.0,7.973,7.961,8.0,7.967,7.968,8.0,7.996,8.0,8.0,7.986,7.985,8.0,7.985,8.0,8.0,8.0,7.975,8.0,8.0,7.74,7.313,6.825,6.426,6.137,5.83,5.634,5.32,5.056,4.873,4.754,4.59,4.424,4.301,4.133,3.991,3.904,3.791,3.606,3.489,3.47,3.353,3.321,3.26,3.202,3.136,3.003,2.998,2.897,2.866,2.81,2.846,2.72,2.679,2.699,2.602,2.614,2.563,2.504,2.457,2.416,2.402,2.416,2.323,2.273,2.283,2.294,2.287,2.219,2.16,2.245,2.213,2.154,2.18,2.104,2.082,2.106,2.1,2.128,2.117,2.085,2.074,2.025,2.075,2.087,2.012,1.983,2.039,1.903,2.035,1.984,2.036,2.054,1.96,2.024,1.938
clear,13,1.3,1.45,2.032,2.047,2.021,2.006,1.981,1.996,2.014,2.03,2.005,2.023,1.956,2.087,2.037,2.03,2.054,2.111,2.133,2.092,2.142,2.139,2.143,2.147,2.177,2.233,2.249,2.223,2.222,2.271,2.252,2.286,2.268,2.288,2.381,2.34,2.395,2.486,2.481,2.489,2.515,2.534,2.62,2.627,2.692,2.697,2.78,2.894,2.88,2.92,3.003,3.0,3.153,3.182,3.254,3.341,3.494,3.464,3.546,3.684,3.77,3.864,3.975,4.081,4.268,4.382,4.579,4.679,4.837,5.079,5.287,5.565,5.826,6.14,6.506,6.847,7.258,7.712,8.0,8.0,7.967,7.951,7.986,7.981,7.961,8.0,7.982,7.944,8.0,7.995,7.941,8.0,8.0,7.969,7.976,8.0,8.0,7.979,8.0,8.0,7.974,8.0,7.985,7.972,8.0,8.0,8.0,7.76,7.204,6.86,6.438,6.135,5.869,5.56,5.317,5.076,4.934,4.699,4.527,4.423,4.276,4.091,4.011,3.923,3.841,3.657,3.668,3.546,3.403,3.345,3.269,3.138,3.189,3.043,2.971,2.957,2.938,2.882,2.797,2.752,2.697,2.651,2.717,2.575,2.505,2.47,2.441,2.428,2.515,2.349,2.332,2.352,2.294,2.248,2.304,2.208,2.216,2.265,2.171,2.188,2.168,2.155,2.157,2.085,2.147,2.082,2.103,2.094,2.117,2.026,2.044,2.002,2.061,2.01,2.082,1.987,2.12,2.041,2.036,1.944,1.928,2.016,2.001
clear,14,1.4,1.45,2.01,1.977,1.965,2.023,1.984,1.991,2.064,2.031,2.049,2.016,1.987,2.02,2.11,2.036,2.035,2.081,2.067,2.112,2.102,2.074,2.096,2.143,2.114,2.158,2.179,2.228,2.194,2.211,2.217,2.314,2.313,2.366,2.316,2.335,2.434,2.497,2.441,2.428,2.612,2.564,2.583,2.621,2.656,2.757,2.835,2.812,2.923,2.96,3.053,3.052,3.082,3.198,3.249,3.286,3.397,3.428,3.576,3.678,3.774,3.833,3.963,4.13,4.269,4.373,4.559,4.733,4.968,5.17,5.398,5.506,5.847,6.089,6.479,6.856,7.203,7.71,8.0,8.0,8.0,7.962,8.0,7.987,8.0,8.0,8.0,7.953,8.0,7.977,7.999,7.95,7.95,7.988,7.97,8.0,8.0,8.0,7.999,7.948,8.0,7.979,7.923,7.983,8.0,7.96,7.951,7.67,7.22,6.771,6.441,6.144,5.903,5.535,5.337,5.159,5.0,4.734,4.557,4.418,4.278,4.129,4.016,3.922,3.772,3.684,3.594,3.518,3.457,3.352,3.23,3.151,3.132,3.085,2.944,2.943,2.889,2.779,2.829,2.752,2.655,2.625,2.635,2.585,2.536,2.507,2.468,2.361,2.454,2.393,2.311,2.296,2.352,2.324,2.313,2.279,2.247,2.296,2.13,2.231,2.146,2.104,2.224,2.13,2.076,2.146,2.099,2.098,2.044,2.037,2.042,2.095,2.002,2.091,2.045,2.079,2.003,2.014,2.016,2.005,1.986,2.026,2.02
clear,15,1.5,1.45,1.993,2.027,2.032,1.987,2.014,2.038,2.021,1.957,2.017,2.008,1.984,2.061,2.084,2.006,2.006,2.102,2.084,2.104,2.115,2.118,2.085,2.186,2.108,2.178,2.165,2.184,2.257,2.234,2.286,2.272,2.348,2.396,2.365,2.364,2.358,2.421,2.433,2.553,2.594,2.565,2.599,2.624,2.627,2.712,2.76,2.763,2.845,2.923,3.013,3.092,3.145,3.174,3.237,3.381,3.384,3.43,3.582,3.641,3.798,3.833,4.083,4.187,4.208,4.415,4.554,4.751,4.916,5.075,5.289,5.584,5.851,6.135,6.475,6.858,7.261,7.766,7.987,7.951,8.0,7.988,8.0,7.993,8.0,8.0,8.0,8.0,8.0,7.952,7.968,8.0,7.98,7.983,8.0,7.985,8.0,8.0,7.997,8.0,7.971,7.995,7.99,8.0,8.0,8.0,7.936,7.747,7.355,6.8,6.482,6.118,5.836,5.56,5.354,5.126,4.879,4.724,4.566,4.378,4.26,4.116,4.039,3.817,3.773,3.683,3.59,3.514,3.389,3.274,3.309,3.163,3.129,3.076,2.991,2.972,2.876,2.82,2.781,2.776,2.633,2.623,2.68,2.528,2.524,2.519,2.426,2.405,2.42,2.372,2.346,2.4,2.332,2.323,2.295,2.239,2.16,2.227,2.175,2.135,2.135,2.16,2.067,2.167,2.115,2.092,2.156,2.003,2.119,2.086,1.998,2.024,2.043,2.039,2.035,2.031,1.99,1.963,1.996,2.067,2.027,1.977,2.021
clear,16,1.6,1.45,2.034,2.053,1.955,2.02,1.992,2.091,2.002,2.031,1.987,2.018,2.039,2.089,1.998,2.075,2.093,2.065,2.005,2.075,2.095,2.146,2.144,2.106,2.124,2.162,2.144,2.221,2.24,2.209,2.202,2.264,2.374,2.332,2.384,2.396,2.435,2.437,2.446,2.533,2.51,2.532,2.682,2.678,2.64,2.764,2.747,2.849,2.927,2.923,3.041,3.084,3.101,3.165,3.232,3.277,3.381,3.527,3.612,3.656,3.748,3.813,3.995,4.136,4.327,4.419,4.568,4.74,4.94,5.195,5.36,5.603,5.873,6.123,6.476,6.83,7.295,7.792,7.984,7.995,8.0,8.0,7.987,7.966,8.0,7.991,7.978,8.0,8.0,7.966,7.969,8.0,8.0,7.98,7.985,7.99,7.997,7.981,8.0,8.0,8.0,7.969,7.995,8.0,8.0,8.0,8.0,7.696,7.231,6.882,6.454,6.122,5.854,5.58,5.337,5.17,4.915,4.708,4.543,4.377,4.298,4.14,3.983,3.855,3.803,3.662,3.55,3.443,3.384,3.31,3.228,3.184,3.084,3.07,2.992,2.916,2.914,2.809,2.789,2.678,2.693,2.696,2.582,2.601,2.54,2.538,2.46,2.494,2.406,2.378,2.403,2.269,2.324,2.308,2.306,2.237,2.211,2.262,2.203,2.166,2.15,2.178,2.2,2.123,2.11,2.15,2.098,2.044,2.053,2.084,2.022,2.086,2.034,2.054,2.096,2.094,1.982,2.021,2.073,2.006,1.993,2.007,2.002
clear,17,1.7,1.45,2.02,1.969,2.051,1.976,2.06,2.04,1.981,1.985,1.998,1.995,2.019,2.022,2.062,2.092,2.07,2.079,2.133,2.06,2.127,2.139,2.106,2.149,2.208,2.186,2.183,2.192,2.235,2.232,2.274,2.34,2.301,2.363,2.329,2.394,2.4,2.499,2.447,2.473,2.61,2.551,2.656,2.629,2.711,2.738,2.762,2.863,2.815,2.935,3.003,3.054,3.132,3.165,3.221,3.305,3.39,3.533,3.527,3.672,3.808,3.865,3.959,4.088,4.216,4.411,4.571,4.804,4.891,5.123,5.337,5.58,5.84,6.181,6.417,6.844,7.243,7.725,8.0,7.966,7.962,7.975,7.98,8.0,8.0,8.0,8.0,7.988,8.0,8.0,8.0,8.0,7.985,7.939,7.937,8.0,8.0,7.99,7.983,8.0,7.971,8.0,7.979,8.0,7.971,8.0,8.0,7.781,7.232,6.878,6.469,6.135,5.891,5.553,5.407,5.118,4.978,4.727,4.557,4.344,4.322,4.146,3.968,3.918,3.722,3.636,3.476,3.484,3.379,3.358,3.281,3.196,3.066,3.079,3.01,2.932,2.931,2.875,2.769,2.704,2.657,2.638,2.643,2.565,2.477,2.516,2.42,2.482,2.404,2.316,2.349,2.359,2.265,2.309,2.327,2.24,2.226,2.281,2.165,2.127,2.176,2.15,2.135,2.092,2.076,2.124,2.099,2.088,2.101,2.093,2.028,2.053,2.028,2.029,1.989,1.968,2.016,2.057,2.048,1.973,2.092,1.99,1.992
cone,0,0.0,1.25,2.013,2.038,2.005,2.02,1.942,2.026,2.035,1.987,2.015,2.043,2.032,2.096,2.093,2.028,2.122,2.054,2.091,2.041,2.069,2.152,2.125,2.171,2.17,2.109,2.116,2.203,2.222,2.214,2.326,2.332,2.304,2.334,2.31,2.379,2.434,2.487,2.501,2.428,2.564,2.57,2.578,2.668,2.679,2.645,2.812,2.86,2.869,2.954,2.929,3.068,3.158,3.225,3.232,3.27,3.429,3.495,3.565,3.624,3.767,3.9,3.985,4.167,4.266,4.457,4.608,4.707,4.865,5.105,5.356,5.512,5.798,6.134,6.506,6.86,7.242,7.722,8.0,7.972,8.0,8.0,8.0,7.998,8.0,7.958,7.953,8.0,7.974,7.992,8.0,7.962,4.862,4.782,4.765,4.703,4.773,4.873,7.974,7.96,8.0,8.0,7.987,8.0,7.975,7.967,7.987,7.731,7.227,6.837,6.473,6.14,5.881,5.631,5.351,5.182,4.923,4.751,4.556,4.454,4.264,4.116,4.005,3.915,3.778,3.681,3.543,3.5,3.392,3.341,3.236,3.144,3.107,3.049,2.936,2.98,2.851,2.833,2.755,2.726,2.719,2.665,2.63,2.638,2.506,2.511,2.492,2.427,2.389,2.405,2.368,2.364,2.313,2.315,2.251,2.212,2.167,2.235,2.236,2.226,2.148,2.084,2.113,2.082,2.126,2.022,2.081,2.072,2.016,1.999,1.998,2.029,1.974,1.984,2.005,1.992,2.031,2.048,1.982,2.003,2.042,1.951,1.979
cone,1,0.1,1.25,2.019,2.003,2.017,1.992,1.957,1.997,2.032,1.995,1.962,2.052,2.042,2.042,2.111,2.033,2.021,2.054,2.059,2.125,2.176,2.132,2.092,2.182,2.16,2.169,2.127,2.194,2.189,2.287,2.269,2.284,2.316,2.369,2.377,2.34,2.409,2.448,2.479,2.501,2.524,2.564,2.563,2.727,2.664,2.729,2.767,2.827,2.926,2.946,3.001,3.055,3.104,3.163,3.287,3.332,3.369,3.499,3.512,3.666,3.754,3.905,4.007,4.147,4.297,4.388,4.588,4.748,4.879,5.095,5.349,5.582,5.834,6.127,6.461,6.852,7.303,7.693,8.0,7.996,7.945,7.994,8.0,8.0,8.0,8.0,7.958,8.0,8.0,7.985,8.0,7.988,4.746,4.677,4.587,4.58,4.561,4.618,4.846,7.918,7.984,8.0,8.0,7.954,8.0,7.999,7.974,7.679,7.295,6.881,6.536,6.078,5.832,5.637,5.365,5.088,4.848,4.763,4.516,4.43,4.216,4.136,3.99,3.915,3.778,3.707,3.592,3.451,3.394,3.324,3.287,3.213,3.175,3.041,3.037,2.891,2.883,2.833,2.84,2.746,2.667,2.668,2.517,2.573,2.534,2.578,2.505,2.424,2.469,2.318,2.409,2.325,2.298,2.266,2.337,2.203,2.292,2.193,2.205,2.127,2.177,2.155,2.142,2.089,2.118,2.15,2.026,2.07,2.058,2.06,2.137,1.954,2.012,1.991,2.038,2.052,2.019,1.996,2.027,1.962,2.039,2.044,1.958
cone,2,0.2,1.25,2.004,1.999,2.03,2.061,2.008,2.034,2.019,1.987,2.018,2.012,2.033,2.04,2.009,2.067,2.021,1.997,2.067,2.141,2.107,2.128,2.164,2.144,2.198,2.16,2.256,2.188,2.183,2.209,2.254,2.306,2.275,2.364,2.314,2.426,2.449,2.412,2.479,2.474,2.513,2.601,2.64,2.715,2.612,2.716,2.784,2.846,2.871,2.977,2.905,3.12,3.088,3.112,3.225,3.263,3.372,3.523,3.542,3.721,3.766,3.912,4.028,4.154,4.242,4.412,4.487,4.766,4.893,5.086,5.304,5.598,5.81,6.153,6.469,6.846,7.24,7.733,7.987,8.0,8.0,8.0,7.978,8.0,7.944,8.0,8.0,7.977,8.0,7.969,8.0,8.0,4.636,4.436,4.428,4.397,4.372,4.523,4.574,7.994,7.948,7.986,7.983,7.968,7.979,7.976,8.0,7.729,7.315,6.81,6.449,6.158,5.856,5.606,5.443,5.064,4.946,4.707,4.543,4.437,4.294,4.131,4.021,3.961,3.687,3.642,3.623,3.48,3.342,3.389,3.205,3.162,3.029,3.067,2.963,2.958,2.897,2.86,2.77,2.75,2.777,2.658,2.551,2.578,2.523,2.48,2.426,2.437,2.372,2.359,2.411,2.366,2.297,2.311,2.299,2.235,2.239,2.265,2.145,2.094,2.176,2.114,2.107,2.113,2.049,2.105,2.086,2.058,2.095,1.991,2.042,1.984,2.08,2.079,2.058,1.941,2.043,2.013,1.997,2.03,2.048,1.946,2.054
cone,3,0.3,1.25,1.958,2.02,1.988,2.089,2.077,1.988,1.973,2.029,2.003,2.066,1.956,2.048,2.022,2.096,2.067,2.035,2.057,2.074,2.114,2.092,2.073,2.138,2.171,2.147,2.191,2.227,2.209,2.247,2.261,2.257,2.361,2.293,2.354,2.381,2.4,2.51,2.495,2.448,2.598,2.562,2.682,2.657,2.678,2.739,2.747,2.824,2.836,2.913,2.94,3.062,3.134,3.198,3.223,3.29,3.331,3.464,3.597,3.651,3.767,3.905,4.007,4.06,4.271,4.395,4.626,4.752,4.917,5.093,5.371,5.598,5.902,6.153,6.498,6.851,7.345,7.737,8.0,8.0,8.0,7.976,8.0,8.0,7.976,7.974,8.0,7.985,7.941,7.984,7.986,8.0,4.428,4.34,4.263,4.289,4.307,4.366,4.36,7.984,8.0,8.0,8.0,7.999,8.0,8.0,8.0,7.678,7.256,6.802,6.489,6.159,5.844,5.614,5.361,5.09,4.884,4.77,4.52,4.382,4.259,4.176,4.029,3.911,3.772,3.622,3.615,3.501,3.386,3.292,3.265,3.199,3.025,3.005,2.958,2.912,2.88,2.898,2.777,2.719,2.681,2.61,2.602,2.566,2.531,2.534,2.428,2.451,2.423,2.409,2.382,2.314,2.304,2.256,2.216,2.207,2.297,2.155,2.183,2.17,2.166,2.124,2.15,2.149,2.131,2.075,2.017,2.087,2.134,2.078,2.055,2.084,2.066,1.957,2.072,2.039,1.988,1.976,1.934,2.035,1.957,2.025,1.986
cone,4,0.4,1.25,1.971,1.998,2.023,2.011,2.001,1.948,2.067,2.028,2.031,1.953,2.041,1.998,2.034,2.026,2.085,2.026,2.033,2.09,2.079,2.053,2.186,2.19,2.188,2.156,2.185,2.196,2.24,2.232,2.252,2.307,2.376,2.331,2.408,2.34,2.382,2.462,2.421,2.469,2.579,2.61,2.606,2.652,2.655,2.676,2.78,2.819,2.885,2.93,2.973,2.981,3.153,3.185,3.227,3.343,3.392,3.416,3.545,3.664,3.764,3.868,4.017,4.121,4.253,4.452,4.572,4.714,4.911,5.149,5.322,5.558,5.798,6.141,6.465,6.821,7.297,7.713,7.97,7.922,8.0,8.0,7.965,8.0,7.988,7.973,7.958,7.944,7.921,8.0,7.988,8.0,4.301,4.107,4.176,4.104,4.165,4.142,4.249,7.985,7.955,8.0,8.0,7.993,8.0,8.0,8.0,7.698,7.263,6.861,6.528,6.137,5.865,5.612,5.292,5.174,4.964,4.697,4.583,4.433,4.246,4.147,4.021,3.963,3.777,3.647,3.53,3.474,3.368,3.34,3.212,3.17,3.075,3.039,2.998,2.951,2.8,2.818,2.784,2.7,2.732,2.636,2.583,2.541,2.602,2.547,2.453,2.488,2.401,2.428,2.367,2.243,2.324,2.283,2.29,2.267,2.287,2.208,2.216,2.179,2.213,2.137,2.12,2.064,2.119,2.15,2.113,2.047,2.026,2.033,2.052,2.099,2.065,2.033,2.008,2.027,2.024,1.966,1.947,2.022,2.011,1.941,1.932
cone,5,0.5,1.25,2.026,2.024,2.011,2.07,1.98,2.058,1.95,2.054,2.049,2.052,2.025,2.022,2.067,2.018,2.049,2.101,2.051,2.09,2.015,2.119,2.148,2.18,2.115,2.256,2.235,2.231,2.206,2.298,2.306,2.264,2.242,2.353,2.346,2.363,2.408,2.41,2.428,2.571,2.55,2.565,2.609,2.621,2.716,2.704,2.743,2.834,2.895,2.942,2.972,3.036,3.109,3.164,3.298,3.308,3.382,3.515,3.592,3.679,3.752,3.856,4.031,4.149,4.247,4.38,4.536,4.696,4.963,5.161,5.289,5.624,5.81,6.17,6.49,6.868,7.282,7.723,8.0,7.975,8.0,8.0,7.936,7.947,7.951,8.0,7.977,7.97,7.998,7.957,8.0,7.965,4.125,3.946,4.032,3.974,4.048,4.033,4.061,4.21,7.949,7.959,7.962,8.0,7.978,8.0,7.99,7.781,7.241,6.84,6.476,6.162,5.901,5.588,5.298,5.091,4.955,4.735,4.612,4.402,4.215,4.133,4.016,3.858,3.687,3.66,3.605,3.45,3.413,3.298,3.244,3.157,3.106,3.084,2.971,2.937,2.884,2.794,2.726,2.802,2.649,2.663,2.6,2.613,2.513,2.475,2.471,2.485,2.425,2.389,2.366,2.343,2.332,2.246,2.223,2.237,2.212,2.114,2.228,2.217,2.133,2.192,2.078,2.086,2.1,2.096,2.054,2.12,2.037,2.059,2.053,2.004,2.04,1.984,2.098,1.988,2.034,2.009,2.009,2.005,1.944,2.044,2.053
cone,6,0.6,1.25,1.982,1.993,2.027,1.99,2.005,1.987,2.03,1.98,2.032,2.049,2.055,2.011,2.057,2.029,1.992,2.067,2.097,2.133,2.119,2.102,2.056,2.149,2.177,2.165,2.172,2.157,2.207,2.251,2.246,2.346,2.26,2.317,2.402,2.431,2.411,2.501,2.471,2.46,2.562,2.586,2.665,2.572,2.726,2.732,2.717,2.841,2.8,2.896,3.037,3.048,3.153,3.165,3.243,3.349,3.369,3.449,3.534,3.63,3.756,3.909,3.976,4.095,4.264,4.425,4.564,4.692,4.917,5.101,5.376,5.547,5.82,6.165,6.458,6.916,7.294,7.723,8.0,7.98,7.962,7.974,8.0,8.0,7.966,7.975,7.954,7.958,7.989,7.979,7.991,8.0,3.971,3.924,3.806,3.834,3.855,3.835,3.89,4.01,7.982,7.995,7.983,7.94,8.0,8.0,7.988,7.633,7.264,6.838,6.498,6.123,5.862,5.6,5.337,5.112,4.851,4.743,4.478,4.353,4.291,4.198,3.94,3.932,3.725,3.655,3.537,3.441,3.438,3.348,3.297,3.193,3.182,3.033,3.031,2.935,2.925,2.856,2.759,2.775,2.734,2.656,2.593,2.494,2.496,2.5,2.484,2.455,2.392,2.327,2.312,2.315,2.362,2.319,2.227,2.266,2.183,2.219,2.214,2.166,2.142,2.12,2.114,2.024,2.12,2.122,2.019,2.033,2.013,2.066,2.07,2.075,2.028,2.021,2.037,1.921,2.088,2.063,2.001,1.983,1.939,2.023,2.002
cone,7,0.7,1.25,2.035,2.054,2.014,2.056,1.983,1.997,2.004,2.025,1.981,2.001,2.072,2.054,2.053,2.025,2.087,2.135,2.047,2.157,2.12,2.094,2.116,2.186,2.095,2.17,2.203,2.198,2.242,2.322,2.265,2.359,2.255,2.354,2.345,2.441,2.44,2.517,2.515,2.556,2.546,2.559,2.675,2.705,2.706,2.762,2.788,2.826,2.912,2.91,3.032,2.997,3.078,3.162,3.278,3.348,3.38,3.469,3.619,3.717,3.773,3.878,4.014,4.195,4.168,4.404,4.547,4.69,4.92,5.162,5.366,5.62,5.843,6.182,6.455,6.831,7.234,7.698,8.0,8.0,7.992,7.97,7.943,8.0,8.0,7.959,7.942,7.96,7.982,7.999,7.994,7.97,3.91,3.716,3.739,3.726,3.694,3.677,3.685,3.847,7.959,8.0,8.0,8.0,7.998,7.983,7.968,7.729,7.229,6.87,6.452,6.147,5.822,5.598,5.345,5.103,4.911,4.703,4.549,4.414,4.26,4.135,3.973,3.912,3.716,3.696,3.637,3.488,3.445,3.319,3.222,3.201,3.091,3.052,2.963,2.972,2.915,2.815,2.787,2.743,2.667,2.631,2.653,2.563,2.55,2.48,2.395,2.396,2.435,2.355,2.383,2.279,2.376,2.405,2.189,2.238,2.202,2.246,2.244,2.21,2.168,2.141,2.076,2.128,2.186,2.097,2.102,2.08,2.035,2.09,2.06,2.032,2.009,2.057,2.054,2.03,1.927,2.002,2.007,1.945,2.004,2.044,2.007
cone,8,0.8,1.25,2.008,2.005,1.996,2.052,2.052,2.005,2.089,2.062,1.989,2.011,2.048,2.014,2.014,2.044,2.073,2.042,2.109,2.095,2.129,2.104,2.076,2.182,2.119,2.166,2.205,2.13,2.175,2.244,2.254,2.261,2.323,2.349,2.381,2.392,2.378,2.432,2.433,2.506,2.534,2.58,2.566,2.679,2.699,2.711,2.875,2.841,2.89,2.909,2.966,3.03,3.126,3.189,3.262,3.331,3.373,3.455,3.612,3.742,3.819,3.869,3.95,4.104,4.218,4.469,4.548,4.716,4.932,5.051,5.32,5.642,5.926,6.151,6.463,6.829,7.222,7.697,7.983,7.954,7.978,7.972,7.966,8.0,8.0,7.955,8.0,8.0,8.0,7.938,8.0,7.992,3.675,3.588,3.529,3.559,3.546,3.592,3.531,3.627,8.0,7.986,7.925,7.975,8.0,8.0,8.0,7.719,7.215,6.86,6.453,6.192,5.805,5.617,5.323,5.113,4.897,4.693,4.577,4.353,4.223,4.16,4.051,3.894,3.813,3.674,3.56,3.475,3.398,3.326,3.265,3.197,3.116,3.012,2.973,2.944,2.839,2.778,2.774,2.703,2.685,2.683,2.6,2.555,2.553,2.486,2.468,2.461,2.416,2.388,2.254,2.313,2.273,2.338,2.308,2.23,2.219,2.127,2.135,2.221,2.206,2.241,2.17,2.134,2.079,2.079,2.121,2.091,2.068,2.034,1.955,1.978,2.009,2.009,2.027,2.053,2.02,2.008,1.928,2.035,1.997,1.998,2.011
cone,9,0.9,1.25,2.009,1.972,2.008,2.029,1.956,2.014,1.994,1.98,2.012,2.051,2.027,2.061,2.062,2.074,2.03,2.043,2.122,2.131,2.103,2.136,2.089,2.168,2.069,2.196,2.165,2.133,2.217,2.203,2.271,2.282,2.345,2.389,2.332,2.341,2.391,2.418,2.477,2.585,2.483,2.546,2.591,2.632,2.649,2.737,2.801,2.821,2.905,2.931,2.936,3.057,3.138,3.202,3.258,3.293,3.368,3.457,3.543,3.627,3.764,3.873,3.939,4.072,4.263,4.395,4.515,4.721,4.922,5.137,5.341,5.647,5.839,6.1,6.448,6.892,7.264,7.746,8.0,7.998,7.984,7.993,8.0,8.0,8.0,7.989,7.963,8.0,8.0,7.946,8.0,8.0,3.549,3.501,3.419,3.399,3.418,3.355,3.43,3.418,3.557,7.993,7.975,7.984,7.954,8.0,7.947,7.683,7.246,6.849,6.491,6.165,5.795,5.601,5.373,5.122,4.912,4.684,4.512,4.396,4.305,4.111,4.027,3.869,3.811,3.621,3.62,3.453,3.392,3.29,3.244,3.169,3.096,2.992,2.986,2.877,2.865,2.819,2.744,2.786,2.699,2.684,2.553,2.602,2.481,2.636,2.487,2.402,2.399,2.39,2.346,2.347,2.298,2.307,2.287,2.22,2.181,2.194,2.19,2.117,2.188,2.127,2.168,2.04,2.133,2.094,2.031,2.164,2.113,2.022,2.037,2.039,2.037,2.069,1.958,2.027,2.041,1.97,2.01,2.022,2.021,1.923,1.958
cone,10,1.0,1.25,2.018,2.033,2.072,2.027,2.03,2.088,2.102,2.017,1.996,2.004,2.034,1.996,2.084,2.058,2.038,2.129,2.141,2.066,2.097,2.128,2.173,2.116,2.128,2.172,2.143,2.2,2.182,2.233,2.286,2.267,2.313,2.396,2.373,2.409,2.412,2.401,2.485,2.507,2.557,2.564,2.626,2.701,2.684,2.763,2.811,2.782,2.889,2.963,2.96,3.052,3.073,3.15,3.183,3.405,3.433,3.494,3.564,3.654,3.739,3.924,3.982,4.115,4.276,4.355,4.546,4.735,4.948,5.164,5.369,5.588,5.826,6.1,6.471,6.831,7.321,7.724,8.0,8.0,7.981,7.99,8.0,7.984,8.0,7.929,7.993,8.0,8.0,7.996,8.0,7.984,3.416,3.309,3.244,3.263,3.246,3.321,3.217,3.286,3.354,8.0,8.0,7.961,7.97,7.999,7.935,7.714,7.28,6.802,6.543,6.118,5.825,5.588,5.375,5.123,4.959,4.729,4.547,4.367,4.271,4.11,3.936,3.922,3.737,3.651,3.526,3.535,3.372,3.362,3.248,3.16,3.145,3.024,3.006,2.898,2.907,2.835,2.809,2.701,2.708,2.683,2.612,2.597,2.511,2.519,2.461,2.404,2.368,2.426,2.34,2.353,2.319,2.285,2.276,2.246,2.19,2.308,2.184,2.167,2.176,2.104,2.117,2.104,2.126,2.117,2.055,2.11,2.075,2.05,2.08,2.0,2.017,2.03,2.097,1.993,1.994,1.97,2.008,2.023,1.99,1.963,1.973
cone,11,1.1,1.25,2.018,1.949,2.029,1.95,2.08,1.993,2.02,1.94,1.993,2.015,2.046,2.025,2.001,2.041,1.993,2.107,2.067,2.159,2.119,2.145,2.097,2.114,2.157,2.205,2.229,2.171,2.214,2.194,2.211,2.214,2.263,2.36,2.334,2.426,2.39,2.447,2.471,2.47,2.592,2.606,2.642,2.629,2.642,2.677,2.74,2.812,2.872,2.941,3.011,3.073,3.14,3.193,3.246,3.27,3.408,3.477,3.549,3.689,3.823,3.898,3.971,4.06,4.242,4.37,4.559,4.726,4.855,5.11,5.352,5.599,5.875,6.145,6.522,6.82,7.264,7.738,8.0,8.0,7.981,7.978,8.0,7.945,7.93,8.0,7.943,7.986,7.941,8.0,7.997,8.0,3.209,3.204,3.149,3.018,3.057,3.083,3.109,3.125,3.194,7.983,8.0,8.0,7.984,8.0,8.0,7.683,7.223,6.795,6.518,6.116,5.816,5.532,5.263,5.15,4.87,4.735,4.544,4.426,4.244,4.138,4.018,3.825,3.775,3.649,3.617,3.509,3.395,3.421,3.224,3.173,3.099,3.003,3.024,2.964,2.884,2.849,2.825,2.747,2.704,2.622,2.622,2.53,2.526,2.516,2.522,2.425,2.404,2.416,2.381,2.35,2.333,2.285,2.286,2.24,2.272,2.145,2.227,2.186,2.155,2.126,2.13,2.166,2.127,2.06,2.078,2.094,2.016,2.032,2.027,2.011,2.023,1.978,2.044,2.022,1.954,2.041,1.946,1.961,2.005,2.013,2.0
cone,12,1.2,1.25,2.005,2.027,2.024,2.004,1.999,2.021,2.01,2.029,2.012,2.037,2.028,2.041,1.995,2.047,2.064,2.098,2.074,2.124,2.05,2.111,2.121,2.129,2.126,2.202,2.152,2.158,2.254,2.22,2.288,2.318,2.357,2.286,2.353,2.343,2.433,2.443,2.44,2.556,2.544,2.621,2.682,2.678,2.726,2.768,2.789,2.864,2.901,2.899,2.919,2.989,3.103,3.222,3.313,3.311,3.428,3.52,3.589,3.656,3.732,3.933,4.01,4.147,4.311,4.417,4.494,4.748,4.905,5.146,5.323,5.586,5.791,6.185,6.479,6.851,7.224,7.725,8.0,7.969,7.985,7.974,7.999,7.992,8.0,8.0,8.0,7.996,7.999,7.969,8.0,8.0,3.134,2.993,2.959,2.981,2.892,2.923,2.998,2.943,3.023,3.03,8.0,8.0,7.96,7.966,7.969,7.717,7.301,6.835,6.472,6.054,5.853,5.662,5.358,5.092,4.91,4.763,4.553,4.419,4.279,4.05,3.991,3.856,3.75,3.652,3.614,3.529,3.386,3.35,3.23,3.146,3.043,3.046,3.008,2.891,2.857,2.842,2.824,2.748,2.655,2.646,2.57,2.608,2.548,2.521,2.507,2.371,2.404,2.418,2.355,2.346,2.267,2.338,2.328,2.201,2.181,2.24,2.198,2.179,2.173,2.079,2.136,2.141,2.124,2.109,2.092,2.022,2.013,2.091,2.054,2.019,2.045,1.974,2.002,2.01,2.034,1.994,1.985,2.056,1.966,1.945,1.999
cone,13,1.3,1.25,2.027,2.056,1.932,2.07,1.986,2.04,2.065,2.028,2.003,2.084,1.976,2.066,2.034,2.046,2.084,2.054,2.11,2.081,2.136,2.139,2.136,2.219,2.179,2.194,2.273,2.204,2.2,2.337,2.232,2.367,2.295,2.369,2.399,2.4,2.399,2.476,2.49,2.427,2.515,2.597,2.629,2.679,2.668,2.793,2.74,2.874,2.888,2.887,3.001,3.053,3.079,3.143,3.217,3.355,3.439,3.467,3.55,3.704,3.798,3.88,4.012,4.12,4.257,4.412,4.519,4.753,4.961,5.122,5.349,5.564,5.857,6.126,6.546,6.852,7.318,7.744,8.0,7.961,7.997,8.0,7.899,8.0,7.944,8.0,8.0,7.967,7.958,7.961,8.0,8.0,2.916,2.921,2.79,2.776,2.796,2.776,2.759,2.847,2.893,2.95,8.0,8.0,8.0,8.0,7.946,7.743,7.214,6.872,6.485,6.138,5.832,5.577,5.355,5.098,4.936,4.696,4.53,4.462,4.242,4.115,3.994,3.861,3.762,3.694,3.577,3.476,3.459,3.29,3.321,3.225,3.125,3.043,2.966,2.908,2.924,2.857,2.726,2.753,2.687,2.624,2.601,2.521,2.569,2.524,2.502,2.482,2.418,2.345,2.369,2.317,2.307,2.259,2.249,2.275,2.204,2.21,2.198,2.128,2.109,2.194,2.147,2.15,2.106,2.125,2.074,2.037,1.986,2.107,2.037,1.981,1.973,2.048,2.022,1.995,1.983,2.028,2.005,1.941,1.985,2.007,2.014
cone,14,1.4,1.25,1.966,1.995,2.014,1.944,2.021,2.004,2.032,2.032,2.003,1.99,1.994,2.01,2.026,2.082,2.111,2.086,2.112,2.175,2.126,2.186,2.105,2.153,2.172,2.182,2.166,2.176,2.242,2.235,2.246,2.259,2.303,2.354,2.341,2.361,2.455,2.431,2.476,2.484,2.524,2.601,2.578,2.651,2.719,2.727,2.744,2.801,2.916,2.945,2.98,3.067,3.103,3.185,3.276,3.413,3.38,3.509,3.607,3.699,3.809,3.885,4.073,4.168,4.271,4.429,4.497,4.704,4.906,5.131,5.366,5.571,5.842,6.102,6.441,6.803,7.209,7.687,8.0,8.0,7.979,7.996,8.0,8.0,7.994,8.0,8.0,7.986,7.927,8.0,7.984,7.935,2.819,2.661,2.754,2.638,2.626,2.607,2.614,2.617,2.64,2.703,2.823,7.99,8.0,7.939,8.0,7.654,7.215,6.816,6.551,6.115,5.854,5.599,5.284,5.117,4.867,4.726,4.594,4.374,4.278,4.152,3.989,3.884,3.825,3.686,3.611,3.503,3.424,3.253,3.267,3.222,3.149,3.082,3.007,2.972,2.883,2.815,2.747,2.759,2.686,2.661,2.616,2.601,2.531,2.513,2.429,2.482,2.415,2.4,2.405,2.272,2.317,2.296,2.291,2.212,2.215,2.199,2.216,2.211,2.093,2.131,2.105,2.083,2.132,2.042,2.117,2.086,2.131,2.032,2.086,1.985,2.043,2.061,2.023,2.028,2.05,1.981,1.989,1.977,1.969,2.053,2.033
cone,15,1.5,1.25,2.003,2.037,1.973,2.041,2.106,2.013,2.037,2.04,2.018,2.012,2.065,2.014,2.044,2.043,2.068,2.071,2.086,2.1,2.137,2.107,2.061,2.129,2.122,2.157,2.183,2.216,2.221,2.205,2.296,2.263,2.288,2.334,2.415,2.362,2.423,2.478,2.442,2.493,2.575,2.568,2.638,2.646,2.686,2.698,2.82,2.805,2.91,2.923,3.039,3.032,3.105,3.225,3.248,3.334,3.372,3.542,3.601,3.635,3.757,3.869,3.977,4.071,4.25,4.375,4.568,4.752,4.938,5.142,5.318,5.61,5.865,6.182,6.48,6.832,7.279,7.734,7.934,8.0,7.994,7.944,8.0,8.0,7.951,8.0,7.976,8.0,8.0,7.998,8.0,8.0,2.619,2.66,2.508,2.575,2.519,2.445,2.475,2.493,2.518,2.626,2.574,7.955,8.0,7.983,7.949,7.715,7.321,6.882,6.43,6.1,5.888,5.583,5.316,5.131,4.986,4.624,4.522,4.385,4.299,4.132,4.001,3.855,3.76,3.752,3.567,3.445,3.422,3.354,3.243,3.163,3.065,3.031,2.96,2.915,2.869,2.856,2.725,2.667,2.704,2.637,2.626,2.504,2.565,2.481,2.453,2.452,2.326,2.458,2.346,2.216,2.346,2.314,2.221,2.265,2.233,2.241,2.198,2.22,2.188,2.176,2.116,2.111,2.1,2.09,2.152,2.038,2.133,2.047,1.995,2.073,1.998,2.012,2.007,2.072,1.978,1.929,1.966,2.015,2.015,1.995,2.042
cone,16,1.6,1.25,2.047,1.982,1.953,2.039,2.001,1.942,1.946,2.048,1.997,1.975,2.026,2.042,2.123,2.067,2.102,2.041,2.049,2.052,2.082,2.131,2.143,2.194,2.167,2.177,2.195,2.207,2.249,2.277,2.254,2.29,2.276,2.343,2.388,2.431,2.47,2.352,2.5,2.553,2.483,2.621,2.612,2.64,2.674,2.707,2.821,2.807,2.843,2.959,2.978,3.032,3.159,3.197,3.258,3.331,3.409,3.518,3.617,3.683,3.776,3.923,4.001,4.148,4.26,4.449,4.516,4.744,4.916,5.144,5.317,5.61,5.836,6.038,6.451,6.875,7.261,7.725,8.0,7.961,8.0,8.0,8.0,8.0,7.965,7.989,8.0,8.0,7.998,7.976,7.996,8.0,2.476,2.394,2.41,2.353,2.366,2.364,2.358,2.319,2.334,2.391,2.422,2.529,8.0,7.999,8.0,7.636,7.291,6.846,6.525,6.122,5.848,5.615,5.332,5.153,4.927,4.711,4.607,4.408,4.233,4.102,3.94,3.908,3.781,3.634,3.609,3.492,3.474,3.341,3.282,3.152,3.095,3.063,3.062,2.951,2.886,2.834,2.727,2.757,2.691,2.655,2.594,2.538,2.51,2.517,2.427,2.444,2.355,2.41,2.344,2.343,2.336,2.254,2.264,2.232,2.268,2.145,2.185,2.144,2.16,2.068,2.118,2.157,2.154,2.108,2.052,2.075,2.049,2.027,2.119,2.021,2.06,1.976,2.047,1.995,2.049,1.958,1.979,2.047,2.033,1.977,2.026
cone,17,1.7,1.25,1.967,1.991,2.042,2.007,2.007,1.992,2.025,1.94,1.993,2.007,1.994,2.078,2.011,2.077,2.098,2.069,2.111,2.08,2.116,2.145,2.114,2.187,2.106,2.194,2.222,2.277,2.23,2.239,2.273,2.233,2.276,2.332,2.369,2.401,2.368,2.492,2.491,2.529,2.495,2.564,2.606,2.63,2.703,2.733,2.75,2.793,2.867,3.014,2.971,3.069,3.148,3.188,3.284,3.315,3.377,3.484,3.593,3.64,3.734,3.894,3.962,4.142,4.268,4.406,4.597,4.694,4.905,5.136,5.379,5.621,5.807,6.123,6.511,6.778,7.238,7.751,7.974,8.0,8.0,8.0,7.964,8.0,7.985,7.952,7.961,7.983,7.984,8.0,7.971,8.0,2.339,2.301,2.253,2.149,2.256,2.166,2.169,2.183,2.273,2.285,2.295,2.342,2.359,8.0,8.0,7.762,7.262,6.88,6.463,6.127,5.837,5.552,5.295,5.102,4.889,4.83,4.537,4.434,4.198,4.167,3.922,3.833,3.809,3.716,3.587,3.478,3.4,3.352,3.257,3.204,3.105,3.111,2.993,2.918,2.836,2.812,2.857,2.8,2.679,2.617,2.604,2.572,2.563,2.495,2.481,2.471,2.451,2.41,2.336,2.306,2.276,2.272,2.311,2.227,2.234,2.187,2.189,2.187,2.172,2.106,2.13,2.148,2.115,2.084,2.04,2.103,2.118,2.104,2.007,2.082,2.013,1.978,2.025,2.002,2.008,2.046,2.007,2.03,1.986,1.971,2.014
opponent,0,0.0,1.25,1.988,2.048,2.035,2.028,2.076,2.007,2.025,2.026,1.994,2.027,1.985,2.051,2.101,2.057,2.063,2.067,2.074,2.057,2.08,2.133,2.059,2.079,2.148,2.114,2.173,2.206,2.2,2.262,2.264,2.287,2.353,2.314,2.311,2.393,2.435,2.486,2.508,2.425,2.537,2.52,2.643,2.671,2.693,2.725,2.766,2.815,2.877,2.922,2.992,3.032,3.101,3.188,3.225,3.282,3.434,3.511,3.607,3.634,3.756,3.83,4.01,4.095,4.274,4.362,4.525,4.717,4.931,5.216,5.369,5.563,5.917,6.181,6.494,6.888,7.242,7.666,8.0,7.966,7.978,7.968,8.0,8.0,7.96,7.987,8.0,7.994,7.96,7.986,7.954,7.997,7.978,8.0,8.0,7.974,7.999,8.0,4.938,4.951,4.877,4.902,4.95,5.009,8.0,7.968,7.977,7.71,7.243,6.817,6.429,6.111,5.837,5.57,5.321,5.145,4.95,4.788,4.534,4.395,4.29,4.067,3.964,3.932,3.717,3.639,3.589,3.511,3.375,3.303,3.256,3.233,3.107,3.042,2.977,2.948,2.914,2.866,2.82,2.686,2.652,2.667,2.61,2.601,2.562,2.491,2.482,2.43,2.393,2.393,2.338,2.307,2.358,2.307,2.299,2.272,2.25,2.175,2.234,2.17,2.14,2.134,2.127,2.115,2.101,2.03,2.113,2.099,2.009,2.092,2.004,2.015,2.053,2.044,1.976,1.989,1.999,2.04,2.063,1.995,2.055,2.017,1.979
opponent,1,0.1,1.25,2.02,2.107,2.02,2.038,1.967,1.989,2.002,2.015,1.98,2.03,2.031,2.014,2.059,2.064,2.08,2.016,2.106,2.137,2.097,2.082,2.181,2.139,2.169,2.139,2.236,2.221,2.19,2.235,2.307,2.306,2.326,2.336,2.293,2.442,2.45,2.513,2.491,2.532,2.525,2.536,2.672,2.646,2.688,2.714,2.765,2.833,2.938,2.945,3.015,3.098,3.105,3.148,3.254,3.353,3.406,3.555,3.55,3.682,3.764,3.881,4.004,4.105,4.318,4.372,4.59,4.807,4.915,5.173,5.369,5.581,5.892,6.103,6.477,6.841,7.256,7.729,8.0,8.0,7.979,8.0,7.983,7.988,7.997,8.0,8.0,8.0,8.0,7.994,8.0,8.0,8.0,8.0,7.987,8.0,8.0,8.0,4.78,4.696,4.665,4.688,4.727,4.848,7.947,7.994,8.0,7.748,7.24,6.826,6.544,6.164,5.873,5.556,5.326,5.152,4.941,4.765,4.583,4.427,4.25,4.156,4.017,3.907,3.794,3.687,3.574,3.507,3.439,3.34,3.206,3.161,3.084,3.093,2.968,2.918,2.839,2.838,2.769,2.686,2.699,2.671,2.566,2.543,2.593,2.567,2.429,2.374,2.406,2.369,2.381,2.329,2.263,2.369,2.286,2.238,2.22,2.18,2.192,2.197,2.052,2.171,2.165,2.101,2.068,2.13,2.059,2.097,2.046,2.002,2.088,2.055,2.05,2.021,2.059,2.03,2.037,1.991,2.027,1.983,2.059,2.044,1.947
opponent,2,0.2,1.25,2.024,1.978,1.998,1.958,2.007,2.012,2.021,2.092,2.052,2.037,2.006,1.997,2.073,2.054,2.082,2.076,2.095,2.103,2.061,2.123,2.093,2.073,2.161,2.11,2.211,2.215,2.229,2.259,2.252,2.313,2.29,2.354,2.36,2.355,2.46,2.414,2.487,2.482,2.504,2.604,2.626,2.647,2.702,2.767,2.708,2.806,2.901,2.963,3.006,3.087,3.135,3.13,3.273,3.339,3.415,3.532,3.628,3.632,3.749,3.903,4.043,4.116,4.259,4.326,4.482,4.694,4.944,5.109,5.306,5.562,5.88,6.175,6.458,6.819,7.242,7.767,7.985,8.0,7.978,8.0,7.966,8.0,8.0,8.0,7.981,8.0,8.0,8.0,8.0,8.0,7.965,7.987,8.0,7.945,7.961,4.642,4.535,4.452,4.469,4.509,4.502,4.623,8.0,8.0,7.984,7.719,7.216,6.841,6.473,6.133,5.811,5.577,5.259,5.138,4.92,4.751,4.553,4.386,4.227,4.067,3.92,3.893,3.815,3.662,3.631,3.481,3.429,3.348,3.284,3.207,3.049,3.07,3.007,2.991,2.88,2.89,2.776,2.759,2.636,2.679,2.636,2.562,2.541,2.457,2.442,2.426,2.385,2.368,2.379,2.356,2.341,2.308,2.261,2.29,2.223,2.208,2.238,2.187,2.116,2.065,2.135,2.142,2.101,2.138,2.097,2.095,2.071,1.969,2.037,2.033,2.054,1.989,2.031,1.969,2.01,2.004,2.02,2.087,1.935,2.009,1.969
opponent,3,0.3,1.25,2.036,2.013,2.044,1.966,1.964,2.024,1.94,1.981,2.047,2.012,2.074,2.043,2.014,2.055,2.034,2.079,2.102,2.097,2.133,2.089,2.157,2.079,2.163,2.233,2.238,2.244,2.203,2.259,2.297,2.325,2.309,2.333,2.339,2.37,2.396,2.49,2.468,2.511,2.591,2.621,2.678,2.58,2.666,2.743,2.823,2.842,2.876,2.938,2.974,3.014,3.199,3.179,3.293,3.277,3.39,3.499,3.559,3.631,3.746,3.904,3.922,4.136,4.249,4.418,4.56,4.74,4.895,5.158,5.321,5.642,5.871,6.139,6.532,6.784,7.243,7.732,8.0,8.0,8.0,7.98,7.973,7.987,8.0,7.994,7.966,7.987,8.0,8.0,7.974,8.0,8.0,7.982,8.0,7.977,7.993,4.394,4.23,4.251,4.25,4.253,4.35,4.479,8.0,8.0,7.969,7.785,7.225,6.81,6.464,6.207,5.899,5.551,5.413,5.176,4.905,4.715,4.543,4.408,4.248,4.14,4.039,3.962,3.792,3.678,3.58,3.54,3.449,3.35,3.26,3.179,3.139,3.04,2.993,2.984,2.844,2.827,2.816,2.73,2.674,2.641,2.61,2.573,2.598,2.504,2.439,2.396,2.371,2.369,2.389,2.323,2.317,2.284,2.274,2.266,2.273,2.256,2.179,2.197,2.169,2.174,2.155,2.099,2.043,2.07,2.138,2.049,2.119,2.108,2.046,2.004,2.048,2.036,2.047,2.009,2.025,2.046,2.007,2.004,2.008,2.025,2.021
opponent,4,0.4,1.25,2.036,1.993,1.946,1.971,2.056,1.939,1.921,2.008,2.077,2.017,1.916,2.03,1.984,2.045,2.063,2.049,2.103,2.132,2.053,2.024,2.143,2.17,2.087,2.115,2.151,2.211,2.237,2.267,2.241,2.337,2.307,2.23,2.386,2.41,2.391,2.429,2.509,2.503,2.523,2.571,2.611,2.645,2.716,2.711,2.788,2.877,2.901,2.957,2.958,3.026,3.105,3.154,3.249,3.3,3.421,3.535,3.63,3.652,3.758,3.819,4.022,4.147,4.214,4.413,4.583,4.723,4.889,5.12,5.354,5.61,5.819,6.188,6.495,6.847,7.233,7.765,7.934,7.98,7.973,7.956,8.0,7.932,8.0,8.0,7.942,8.0,7.992,7.997,7.997,7.955,8.0,7.971,8.0,7.978,7.977,4.082,4.07,4.021,4.07,4.061,4.104,4.215,7.971,7.996,7.989,7.673,7.291,6.845,6.469,6.137,5.824,5.543,5.406,5.155,4.944,4.712,4.546,4.424,4.321,4.102,3.977,3.839,3.788,3.68,3.566,3.506,3.34,3.323,3.234,3.208,3.097,3.094,2.964,2.908,2.955,2.837,2.745,2.778,2.799,2.621,2.633,2.605,2.534,2.471,2.501,2.367,2.432,2.377,2.373,2.378,2.326,2.258,2.249,2.25,2.202,2.235,2.163,2.149,2.175,2.145,2.121,2.108,2.108,2.049,2.083,2.088,2.095,2.035,2.049,2.062,2.046,2.024,1.999,2.041,1.97,1.994,1.989,1.968,1.974,2.008,1.935
opponent,5,0.5,1.25,1.959,2.003,1.976,2.005,2.036,2.036,1.997,1.979,2.051,2.018,2.073,2.058,2.08,2.083,2.141,2.035,2.075,2.082,2.116,2.086,2.103,2.128,2.111,2.203,2.11,2.222,2.296,2.236,2.291,2.309,2.303,2.351,2.407,2.377,2.399,2.428,2.443,2.458,2.545,2.579,2.567,2.64,2.651,2.772,2.818,2.859,2.958,2.881,2.949,3.043,3.133,3.241,3.248,3.322,3.419,3.458,3.635,3.68,3.707,3.842,3.976,4.04,4.196,4.402,4.529,4.73,4.966,5.162,5.417,5.565,5.849,6.103,6.513,6.827,7.21,7.689,7.99,8.0,7.959,7.987,8.0,8.0,7.992,7.99,7.979,8.0,7.985,7.958,7.982,8.0,8.0,8.0,7.974,8.0,3.93,3.891,3.852,3.865,3.867,3.853,3.85,4.082,7.978,7.962,7.997,7.711,7.278,6.8,6.491,6.146,5.888,5.613,5.322,5.14,4.96,4.761,4.555,4.391,4.292,4.162,3.945,3.937,3.805,3.638,3.545,3.448,3.45,3.352,3.222,3.163,3.112,3.055,3.057,2.911,2.909,2.859,2.788,2.752,2.607,2.701,2.594,2.564,2.47,2.48,2.503,2.46,2.428,2.393,2.317,2.316,2.276,2.319,2.245,2.224,2.265,2.233,2.185,2.184,2.078,2.165,2.113,2.098,2.052,2.1,2.066,2.012,2.128,2.13,2.026,1.992,2.06,2.036,1.972,2.047,1.973,1.983,2.031,1.953,2.057,2.043,1.968
opponent,6,0.6,1.25,1.994,1.963,1.995,2.081,1.966,2.042,2.052,1.971,2.057,2.007,1.992,2.063,2.048,2.042,2.005,2.076,2.067,2.059,2.173,2.108,2.094,2.07,2.089,2.126,2.181,2.218,2.247,2.241,2.274,2.316,2.371,2.315,2.364,2.402,2.485,2.483,2.446,2.461,2.496,2.521,2.606,2.644,2.676,2.706,2.746,2.801,2.838,2.935,3.005,3.029,3.072,3.182,3.261,3.336,3.43,3.502,3.562,3.692,3.785,3.871,4.019,4.173,4.311,4.425,4.608,4.768,4.914,5.122,5.332,5.591,5.787,6.091,6.495,6.855,7.257,7.757,8.0,8.0,8.0,7.966,7.967,8.0,8.0,7.937,7.959,7.96,8.0,8.0,8.0,8.0,8.0,7.958,7.95,8.0,3.729,3.636,3.693,3.594,3.684,3.63,3.744,3.856,7.986,8.0,8.0,7.724,7.179,6.905,6.489,6.123,5.798,5.537,5.398,5.158,4.852,4.747,4.534,4.39,4.248,4.074,3.998,3.95,3.816,3.692,3.531,3.506,3.403,3.384,3.271,3.159,3.123,3.041,3.037,2.989,2.914,2.798,2.788,2.777,2.702,2.602,2.646,2.6,2.567,2.475,2.443,2.394,2.417,2.323,2.339,2.369,2.347,2.217,2.29,2.238,2.231,2.256,2.214,2.175,2.18,2.162,2.126,2.132,2.042,2.043,2.121,2.065,2.081,2.034,2.038,1.99,2.021,2.012,2.069,1.969,2.02,2.003,1.996,2.062,1.967,1.969,2.011
opponent,7,0.7,1.25,1.95,2.005,1.968,2.051,2.025,2.025,2.032,2.066,1.992,2.034,2.008,2.06,2.065,2.113,2.098,2.074,2.121,2.111,2.17,2.104,2.162,2.238,2.136,2.191,2.224,2.232,2.164,2.2,2.246,2.288,2.32,2.308,2.355,2.336,2.418,2.43,2.481,2.522,2.568,2.584,2.617,2.72,2.707,2.781,2.811,2.869,2.911,2.907,2.987,3.067,3.181,3.183,3.225,3.286,3.411,3.515,3.568,3.699,3.726,3.856,4.027,4.166,4.254,4.415,4.56,4.699,4.907,5.094,5.331,5.575,5.899,6.121,6.463,6.851,7.309,7.745,8.0,7.971,8.0,8.0,8.0,7.961,7.92,7.897,8.0,7.974,7.955,7.933,7.948,8.0,8.0,8.0,7.925,3.52,3.439,3.469,3.453,3.441,3.393,3.422,3.467,8.0,7.936,8.0,7.977,7.708,7.224,6.834,6.492,6.169,5.853,5.605,5.372,5.157,4.898,4.765,4.607,4.454,4.288,4.122,4.043,3.915,3.789,3.646,3.581,3.452,3.401,3.276,3.213,3.23,3.129,3.054,3.013,2.973,2.846,2.829,2.8,2.706,2.655,2.661,2.62,2.595,2.542,2.495,2.473,2.41,2.454,2.411,2.406,2.326,2.288,2.281,2.274,2.253,2.216,2.163,2.178,2.253,2.175,2.166,2.154,2.084,2.111,2.128,2.045,2.063,2.05,2.058,2.032,2.042,2.044,2.107,2.025,2.067,1.991,2.015,1.987,2.057,1.954,2.009,2.054
opponent,8,0.8,1.25,1.986,2.019,1.985,1.963,2.038,2.005,2.036,1.985,1.997,2.061,2.019,2.056,2.088,2.056,2.018,2.018,2.029,2.061,2.119,2.101,2.131,2.213,2.186,2.163,2.167,2.219,2.192,2.303,2.274,2.275,2.31,2.295,2.39,2.38,2.369,2.513,2.434,2.49,2.537,2.515,2.531,2.621,2.779,2.716,2.752,2.77,2.861,2.95,3.008,3.022,3.091,3.158,3.311,3.38,3.393,3.476,3.588,3.654,3.764,3.899,3.997,4.143,4.271,4.439,4.531,4.736,4.94,5.141,5.32,5.661,5.862,6.118,6.515,6.832,7.244,7.731,8.0,7.941,8.0,8.0,8.0,7.925,8.0,7.987,7.971,8.0,7.98,8.0,7.987,8.0,8.0,7.984,3.476,3.36,3.225,3.207,3.237,3.24,3.166,3.28,3.297,8.0,7.989,8.0,8.0,7.723,7.219,6.809,6.499,6.165,5.851,5.543,5.344,5.176,4.923,4.742,4.534,4.455,4.212,4.111,3.986,3.871,3.733,3.609,3.578,3.44,3.359,3.347,3.274,3.188,3.075,3.126,2.994,3.001,2.911,2.805,2.852,2.765,2.648,2.671,2.643,2.591,2.554,2.452,2.449,2.464,2.371,2.34,2.306,2.374,2.325,2.324,2.307,2.346,2.237,2.215,2.164,2.099,2.069,2.135,2.126,2.155,2.088,2.114,2.07,2.065,2.061,2.079,2.001,2.025,1.967,2.057,1.97,2.043,1.985,1.956,2.073,1.991,2.016,1.983,2.017
opponent,9,0.9,1.25,1.96,1.987,2.013,2.002,1.965,2.033,2.006,2.02,2.062,2.061,2.054,2.061,2.132,2.02,2.053,1.994,2.067,2.075,2.135,2.094,2.126,2.125,2.193,2.127,2.121,2.247,2.228,2.204,2.252,2.343,2.356,2.35,2.32,2.358,2.389,2.442,2.504,2.408,2.505,2.601,2.641,2.665,2.657,2.738,2.768,2.8,2.894,2.993,2.972,2.99,3.072,3.203,3.225,3.301,3.423,3.472,3.602,3.654,3.766,3.824,4.031,4.099,4.216,4.382,4.601,4.704,4.908,5.064,5.339,5.571,5.809,6.146,6.457,6.822,7.248,7.735,8.0,7.97,7.997,7.987,7.962,8.0,8.0,8.0,8.0,7.955,7.999,8.0,7.98,8.0,7.957,7.978,3.055,3.073,3.06,3.014,3.016,2.941,2.957,2.994,3.172,7.952,7.975,7.989,8.0,7.717,7.282,6.813,6.461,6.143,5.794,5.636,5.375,5.152,4.931,4.758,4.594,4.425,4.305,4.142,3.931,3.896,3.821,3.612,3.567,3.496,3.369,3.274,3.239,3.137,3.102,3.079,3.009,2.914,2.887,2.86,2.728,2.734,2.681,2.646,2.617,2.568,2.531,2.538,2.485,2.482,2.454,2.374,2.32,2.304,2.239,2.248,2.257,2.223,2.199,2.206,2.194,2.123,2.13,2.184,2.138,1.974,2.076,2.101,2.066,2.09,2.01,2.05,2.046,2.045,2.025,2.061,2.022,2.075,1.994,2.003,2.02,2.009,1.995,2.045,2.034
opponent,10,1.0,1.25,1.957,1.994,1.984,2.01,2.015,2.065,2.073,2.03,2.109,2.051,2.014,1.946,1.981,2.112,2.04,2.095,2.022,2.118,2.091,2.124,2.063,2.195,2.175,2.219,2.205,2.244,2.254,2.24,2.279,2.307,2.341,2.316,2.322,2.424,2.465,2.419,2.521,2.432,2.552,2.58,2.604,2.681,2.675,2.753,2.751,2.71,2.869,2.974,3.01,3.099,3.045,3.22,3.231,3.33,3.389,3.473,3.59,3.708,3.767,3.893,3.985,4.092,4.233,4.376,4.542,4.655,4.883,5.114,5.354,5.604,5.918,6.188,6.45,6.862,7.234,7.713,8.0,8.0,8.0,7.998,8.0,7.957,8.0,8.0,8.0,7.981,7.986,8.0,7.991,8.0,7.97,2.958,2.873,2.861,2.821,2.75,2.763,2.774,2.815,2.917,2.92,7.959,8.0,8.0,8.0,7.718,7.265,6.817,6.475,6.166,5.847,5.6,5.278,5.11,4.885,4.695,4.518,4.406,4.28,4.114,4.0,3.884,3.78,3.662,3.594,3.447,3.457,3.36,3.168,3.194,3.137,3.045,3.027,3.0,2.871,2.838,2.748,2.758,2.614,2.73,2.63,2.567,2.557,2.518,2.481,2.433,2.374,2.446,2.352,2.368,2.354,2.298,2.329,2.298,2.242,2.225,2.223,2.172,2.128,2.089,2.139,2.032,2.053,2.09,2.014,2.031,2.028,2.046,2.039,1.999,2.054,1.996,1.992,1.957,2.072,1.928,1.904,2.006,1.98,1.992,1.967
opponent,11,1.1,1.25,2.018,1.973,1.982,1.988,1.991,1.991,2.098,2.066,2.004,2.046,1.985,1.978,2.1,2.017,2.038,2.142,2.086,2.069,2.107,2.167,2.128,2.119,2.095,2.153,2.216,2.211,2.238,2.236,2.305,2.273,2.296,2.326,2.351,2.43,2.432,2.442,2.489,2.561,2.557,2.587,2.608,2.698,2.731,2.782,2.756,2.818,2.896,2.972,2.915,3.059,3.045,3.151,3.289,3.313,3.43,3.499,3.59,3.682,3.71,3.879,4.024,4.131,4.28,4.374,4.573,4.79,4.864,5.147,5.339,5.527,5.854,6.124,6.492,6.849,7.268,7.646,8.0,8.0,8.0,8.0,7.956,8.0,8.0,8.0,7.985,7.971,7.975,8.0,7.949,7.997,2.793,2.689,2.577,2.63,2.634,2.548,2.618,2.626,2.562,2.641,2.697,7.988,8.0,8.0,8.0,7.75,7.23,6.863,6.489,6.141,5.824,5.645,5.317,5.043,4.954,4.747,4.566,4.375,4.3,4.163,3.989,3.929,3.786,3.637,3.548,3.571,3.366,3.247,3.221,3.115,3.071,3.088,2.998,2.946,2.858,2.866,2.719,2.745,2.685,2.657,2.626,2.585,2.545,2.466,2.436,2.436,2.378,2.349,2.362,2.339,2.352,2.319,2.242,2.322,2.196,2.205,2.256,2.139,2.168,2.196,2.076,2.12,2.08,2.053,2.112,2.046,2.135,2.051,2.06,2.005,2.04,2.033,2.033,2.015,2.01,2.012,2.009,1.966,2.006,1.993,2.045
opponent,12,1.2,1.25,1.98,2.048,1.988,1.982,2.067,1.997,2.016,2.05,1.955,2.03,2.019,1.996,2.067,2.068,2.096,2.072,2.184,2.056,2.1,2.093,2.04,2.21,2.169,2.157,2.162,2.168,2.282,2.255,2.259,2.341,2.323,2.285,2.351,2.419,2.457,2.463,2.565,2.457,2.515,2.564,2.659,2.633,2.766,2.693,2.794,2.852,2.811,2.986,2.989,3.069,3.11,3.197,3.25,3.289,3.435,3.494,3.622,3.686,3.78,3.843,4.024,4.148,4.324,4.394,4.558,4.689,4.909,5.112,5.323,5.632,5.865,6.144,6.464,6.812,7.289,7.691,7.955,7.996,7.982,8.0,8.0,8.0,7.978,8.0,7.953,7.987,7.954,7.966,7.998,2.553,2.488,2.445,2.397,2.419,2.377,2.344,2.419,2.426,2.47,2.536,2.515,7.995,7.949,8.0,7.99,7.727,7.278,6.89,6.544,6.114,5.846,5.561,5.362,5.114,4.949,4.772,4.533,4.432,4.244,4.161,3.983,3.962,3.688,3.697,3.571,3.476,3.394,3.317,3.243,3.228,3.152,3.03,2.966,3.019,2.96,2.856,2.822,2.763,2.666,2.645,2.628,2.597,2.524,2.462,2.486,2.47,2.465,2.363,2.32,2.301,2.259,2.27,2.243,2.218,2.23,2.179,2.184,2.212,2.182,2.122,2.164,2.131,2.108,2.038,2.024,2.088,2.043,2.123,2.072,2.026,1.999,2.018,2.056,2.038,2.032,2.021,1.978,2.035,2.02,2.053,1.95
opponent,13,1.3,1.25,1.98,2.022,1.96,1.968,2.045,2.03,2.029,1.964,2.032,1.971,2.028,2.036,2.069,2.045,2.049,2.062,2.09,2.04,2.083,2.159,2.082,2.134,2.108,2.139,2.229,2.241,2.187,2.221,2.315,2.29,2.352,2.348,2.365,2.296,2.449,2.422,2.514,2.493,2.548,2.511,2.634,2.694,2.698,2.723,2.731,2.833,2.875,2.93,2.996,3.097,3.168,3.149,3.2,3.269,3.406,3.531,3.551,3.656,3.722,3.871,3.998,4.103,4.278,4.374,4.559,4.719,4.912,5.119,5.36,5.629,5.855,6.111,6.466,6.786,7.193,7.769,8.0,7.974,8.0,7.954,8.0,8.0,8.0,7.946,7.96,7.949,8.0,8.0,2.283,2.184,2.21,2.21,2.195,2.167,2.203,2.205,2.155,2.184,2.175,2.267,2.31,8.0,8.0,8.0,8.0,7.745,7.266,6.859,6.454,6.159,5.803,5.588,5.366,5.174,4.929,4.708,4.56,4.455,4.294,4.115,3.991,3.825,3.779,3.686,3.561,3.455,3.426,3.249,3.271,3.206,3.15,3.058,2.927,2.969,2.853,2.779,2.75,2.724,2.805,2.681,2.61,2.53,2.527,2.464,2.47,2.433,2.437,2.398,2.391,2.295,2.327,2.254,2.265,2.24,2.203,2.251,2.231,2.139,2.203,2.112,2.065,2.077,2.072,2.14,1.995,2.121,2.069,2.07,2.057,2.068,2.038,2.014,2.006,1.944,2.045,2.019,1.938,1.952,1.99,2.013,1.993
opponent,14,1.4,1.25,2.02,1.967,2.03,1.967,2.045,1.99,2.03,2.054,2.003,1.982,2.044,2.006,2.017,2.083,2.061,2.035,2.027,2.111,2.142,2.103,2.083,2.102,2.155,2.195,2.161,2.197,2.194,2.194,2.299,2.297,2.252,2.326,2.359,2.403,2.448,2.479,2.459,2.561,2.501,2.548,2.678,2.641,2.69,2.752,2.769,2.86,2.778,2.974,2.96,3.078,3.091,3.179,3.245,3.34,3.452,3.493,3.576,3.7,3.764,3.833,3.956,4.144,4.364,4.428,4.588,4.72,4.927,5.146,5.355,5.598,5.81,6.173,6.429,6.862,7.269,7.747,7.999,7.996,8.0,7.912,8.0,8.0,7.97,7.998,7.937,7.961,7.985,2.068,2.057,2.008,2.006,2.014,1.973,1.987,1.972,1.982,1.979,2.02,1.993,2.086,2.163,8.0,7.971,8.0,7.945,7.792,7.296,6.838,6.432,6.198,5.901,5.564,5.321,5.092,4.914,4.729,4.553,4.37,4.236,4.107,4.013,3.841,3.763,3.655,3.626,3.5,3.331,3.293,3.266,3.176,3.099,3.036,3.008,2.917,2.893,2.794,2.757,2.724,2.651,2.589,2.605,2.563,2.522,2.477,2.511,2.449,2.423,2.434,2.395,2.32,2.302,2.292,2.304,2.228,2.224,2.204,2.198,2.196,2.13,2.149,2.116,2.114,2.063,2.067,2.079,2.07,2.093,2.008,2.027,2.021,2.054,2.049,2.037,2.029,1.922,2.057,2.061,2.068,1.979,2.026,1.992
opponent,15,1.5,1.25,2.035,2.031,2.022,2.024,2.007,2.022,2.017,2.02,2.012,2.053,2.075,2.058,2.064,2.052,2.03,2.146,2.062,2.014,2.116,2.137,2.182,2.122,2.14,2.124,2.237,2.196,2.217,2.259,2.292,2.263,2.3,2.315,2.331,2.385,2.347,2.435,2.493,2.514,2.545,2.579,2.602,2.642,2.716,2.678,2.787,2.851,2.832,2.925,2.97,3.12,3.144,3.169,3.192,3.326,3.387,3.473,3.531,3.764,3.785,3.909,4.012,4.112,4.235,4.384,4.625,4.719,4.899,5.116,5.343,5.579,5.824,6.156,6.505,6.859,7.245,7.72,7.943,8.0,8.0,8.0,8.0,7.992,8.0,8.0,7.979,1.894,1.837,1.827,1.824,1.78,1.743,1.786,1.735,1.748,1.775,1.862,1.797,1.794,1.836,1.929,7.995,8.0,7.983,7.971,8.0,7.788,7.254,6.772,6.517,6.151,5.884,5.634,5.33,5.105,4.905,4.731,4.568,4.42,4.244,4.132,4.032,3.843,3.805,3.654,3.512,3.496,3.475,3.277,3.242,3.162,3.092,3.023,2.953,2.942,2.888,2.789,2.812,2.749,2.71,2.581,2.643,2.589,2.564,2.491,2.527,2.433,2.422,2.416,2.326,2.303,2.348,2.267,2.252,2.216,2.161,2.234,2.183,2.177,2.101,2.145,2.123,2.136,2.147,2.065,2.044,2.029,2.108,2.004,2.047,2.093,1.994,2.053,1.982,2.025,2.038,2.018,2.002,1.988,2.0,1.988,1.933
opponent,16,1.6,1.25,2.015,1.994,2.074,2.053,1.965,2.013,2.059,1.952,2.002,1.983,2.027,2.08,2.064,2.009,2.036,2.077,2.081,2.08,2.106,2.1,2.139,2.215,2.158,2.186,2.207,2.25,2.204,2.283,2.274,2.285,2.318,2.328,2.439,2.369,2.392,2.469,2.529,2.555,2.572,2.51,2.624,2.557,2.665,2.661,2.75,2.833,2.872,2.914,2.992,3.092,3.146,3.258,3.235,3.25,3.361,3.493,3.552,3.649,3.786,3.942,4.025,4.087,4.296,4.432,4.591,4.7,4.926,5.131,5.297,5.597,5.867,6.12,6.511,6.828,7.275,7.705,8.0,7.977,7.991,7.952,7.947,8.0,8.0,1.731,1.618,1.609,1.6,1.565,1.587,1.5,1.514,1.554,1.592,1.516,1.559,1.574,1.572,1.555,1.658,1.673,7.966,7.966,8.0,8.0,8.0,7.742,7.161,6.864,6.421,6.142,5.826,5.616,5.409,5.133,4.871,4.786,4.569,4.372,4.331,4.112,4.031,3.831,3.791,3.69,3.559,3.512,3.404,3.272,3.258,3.168,3.095,3.043,3.013,2.942,2.88,2.822,2.77,2.696,2.666,2.643,2.63,2.534,2.53,2.544,2.505,2.347,2.407,2.367,2.401,2.337,2.326,2.301,2.282,2.259,2.191,2.217,2.186,2.164,2.214,2.095,2.118,2.117,2.141,2.096,2.038,2.111,2.106,1.998,2.045,2.054,2.026,1.961,2.014,1.987,2.036,1.991,1.978,2.012,1.973,2.005,2.042
opponent,17,1.7,1.25,1.975,2.005,2.046,2.031,1.986,2.083,1.978,2.011,2.052,2.024,2.044,2.054,2.137,2.044,2.039,2.103,2.115,2.04,2.101,2.143,2.168,2.124,2.142,2.134,2.228,2.176,2.148,2.203,2.251,2.353,2.308,2.302,2.387,2.39,2.396,2.462,2.403,2.53,2.498,2.605,2.616,2.688,2.749,2.79,2.838,2.802,2.854,2.925,2.999,3.06,3.141,3.219,3.261,3.292,3.394,3.529,3.553,3.65,3.721,3.902,4.008,4.105,4.286,4.374,4.504,4.746,4.972,5.103,5.378,5.572,5.861,6.133,6.446,6.843,7.218,7.709,7.965,8.0,8.0,8.0,1.537,1.456,1.431,1.338,1.327,1.349,1.427,1.359,1.26,1.389,1.401,1.379,1.337,1.314,1.391,1.38,1.4,1.383,1.505,1.545,8.0,7.975,8.0,8.0,7.967,7.731,7.282,6.839,6.513,6.162,5.84,5.506,5.327,5.184,4.955,4.717,4.622,4.391,4.298,4.122,4.025,3.903,3.779,3.684,3.551,3.511,3.437,3.297,3.244,3.187,3.109,3.104,2.987,2.932,2.842,2.813,2.791,2.737,2.708,2.608,2.583,2.558,2.507,2.55,2.432,2.433,2.414,2.36,2.345,2.301,2.327,2.283,2.296,2.282,2.254,2.179,2.157,2.139,2.088,2.081,2.063,2.145,2.125,2.06,2.091,2.093,2.049,2.018,2.047,2.03,2.033,2.032,2.07,1.989,2.053,2.037,2.016,1.931,2.018,2.004,2.008
dropout,0,0.0,1.25,2.037,1.985,1.974,1.985,2.019,2.054,2.005,2.034,2.002,2.042,2.068,2.111,2.036,2.046,2.07,2.036,2.08,2.103,2.112,2.101,2.107,2.15,2.17,2.123,,2.23,2.259,2.268,2.251,2.291,2.286,2.361,2.373,2.345,2.4,2.482,2.375,2.508,2.562,2.644,2.577,2.607,2.695,2.762,2.764,2.819,2.935,2.979,2.987,3.063,2.998,3.163,3.234,,,3.471,3.583,3.686,3.749,3.881,,4.122,4.184,4.423,4.594,4.752,4.912,5.082,5.221,5.579,5.848,6.17,6.508,6.889,7.248,7.719,7.975,7.996,8.0,7.963,8.0,8.0,,8.0,,4.229,4.232,4.182,4.271,4.175,4.212,4.279,,7.994,7.948,8.0,7.983,8.0,7.966,8.0,7.992,8.0,8.0,7.999,7.941,7.74,7.284,6.867,6.414,6.174,5.807,5.533,5.385,5.108,4.933,4.738,4.568,4.371,4.218,4.095,4.024,,3.781,3.671,3.563,3.489,3.409,,3.268,3.159,3.122,2.964,2.999,2.931,2.874,2.911,2.813,2.763,2.737,2.634,2.648,2.605,2.593,2.432,2.454,2.4,2.419,2.393,2.338,2.302,2.29,2.299,,2.263,2.218,2.215,2.205,2.198,2.145,2.175,,2.113,2.109,2.045,2.115,2.024,2.111,2.027,2.024,,2.032,2.026,2.014,2.021,2.031,2.006,,2.031,1.975,1.972,1.995
dropout,1,0.1,1.25,2.007,1.926,2.012,1.98,1.977,2.028,2.071,2.081,2.011,1.99,2.047,2.003,2.047,2.025,2.092,2.101,2.009,2.056,2.076,2.113,2.059,,2.24,2.178,2.165,2.157,2.225,2.184,2.282,2.302,2.306,2.311,2.399,2.392,2.439,2.449,2.445,2.526,2.552,,2.585,2.63,2.731,2.73,2.769,2.807,2.899,2.938,2.947,3.011,3.113,3.162,3.249,3.34,3.396,3.485,3.542,3.594,3.768,3.907,4.036,4.195,4.266,4.392,4.523,4.695,4.913,5.11,,5.549,5.822,6.143,6.486,6.846,7.255,7.754,8.0,7.985,,8.0,8.0,8.0,8.0,7.975,7.983,4.171,4.108,4.048,4.022,4.064,4.117,4.149,8.0,8.0,,8.0,8.0,8.0,7.947,7.945,7.962,7.915,7.967,8.0,7.958,7.734,7.216,6.839,6.478,6.131,5.847,5.587,5.343,5.111,4.942,4.687,4.521,4.433,4.28,4.143,,3.905,3.725,3.661,3.582,3.512,3.372,3.323,3.28,3.189,3.132,3.04,2.972,2.925,2.803,2.82,2.721,2.765,2.735,2.677,2.609,2.585,2.507,2.473,2.489,2.477,,2.438,,2.381,2.34,2.305,2.295,2.283,2.246,2.246,,2.209,2.162,2.155,2.153,2.088,2.068,2.084,2.065,2.085,2.021,2.069,2.025,2.187,2.072,2.018,1.979,2.109,1.975,1.977,1.992,2.001,1.946,2.067,1.947
dropout,2,0.2,1.25,,1.963,2.052,2.016,1.964,2.08,2.041,2.022,2.03,2.03,2.057,2.054,2.03,2.044,2.129,2.055,2.051,2.088,2.09,2.092,2.12,2.175,2.166,2.177,2.217,2.077,2.19,2.235,2.262,,2.299,,2.331,2.425,2.377,2.339,2.521,2.529,2.569,2.612,2.622,2.601,2.695,,2.757,2.82,2.874,2.935,2.944,3.052,3.095,3.14,3.298,3.346,3.419,3.554,3.578,3.653,3.797,3.902,4.069,4.118,4.231,4.392,4.606,4.704,4.828,5.093,5.384,5.578,5.889,6.14,6.476,6.849,7.284,7.759,7.97,8.0,7.952,,8.0,,7.982,7.981,4.163,3.951,3.924,3.976,3.931,4.008,3.905,3.977,4.056,7.958,7.959,8.0,8.0,7.995,7.959,7.986,8.0,7.997,7.964,8.0,8.0,7.728,7.262,,6.477,6.194,5.871,5.589,5.435,4.994,4.896,4.727,4.578,4.377,4.286,4.145,4.034,3.864,3.711,3.674,3.525,3.483,3.409,3.308,3.274,3.154,3.089,3.002,2.959,2.918,2.865,2.838,2.753,2.729,2.667,2.629,2.56,2.565,2.545,2.515,,2.476,,2.385,2.35,2.35,2.305,2.299,2.272,2.245,2.221,2.19,2.158,2.153,2.176,2.116,2.146,2.128,2.142,2.062,2.063,2.073,2.058,2.06,2.048,2.095,2.0,2.066,2.054,1.982,1.951,2.046,2.007,2.028,1.976,2.0,1.988
dropout,3,0.3,1.25,1.991,1.934,1.957,2.018,2.052,2.076,2.027,2.005,2.014,2.012,2.098,2.012,2.036,2.116,,2.083,2.018,2.1,2.108,2.1,2.151,2.134,,2.1,2.212,2.221,2.207,2.242,2.29,2.313,2.282,2.323,,2.452,2.429,2.487,2.508,2.485,2.499,2.63,2.601,2.702,2.77,2.76,2.742,2.838,,2.953,3.036,3.085,3.054,3.141,3.215,3.321,3.319,3.485,3.561,3.659,3.837,3.886,4.025,4.124,4.263,4.469,4.59,4.812,4.907,5.1,5.401,5.578,5.827,6.164,6.466,6.826,7.233,7.73,8.0,8.0,8.0,,8.0,,8.0,8.0,3.919,3.886,3.793,3.724,3.754,3.789,3.821,3.833,3.991,8.0,7.958,8.0,7.971,7.997,8.0,7.975,8.0,8.0,7.946,7.934,7.991,7.669,7.232,6.889,6.491,6.054,5.822,5.628,,5.058,4.943,4.758,4.493,4.409,4.242,4.072,3.938,3.838,,3.667,3.615,3.483,3.426,3.302,3.283,3.083,3.096,3.047,3.008,2.855,2.889,2.805,2.759,2.715,2.651,2.711,2.625,2.633,2.52,2.526,2.55,2.419,2.405,,2.401,2.279,2.272,2.237,2.249,2.21,2.249,2.127,2.271,2.172,2.162,2.125,2.12,2.085,2.127,2.112,2.1,2.064,2.031,2.01,2.078,2.05,2.021,2.077,1.949,2.044,2.022,2.032,1.963,2.004,2.062,,2.02
dropout,4,0.4,1.25,2.024,1.969,1.977,2.038,2.041,2.086,2.032,2.028,,2.04,2.011,2.045,1.995,2.063,1.988,2.117,2.069,2.04,2.068,2.107,2.198,2.085,2.182,,2.224,2.179,2.254,2.251,2.229,2.266,2.344,2.38,2.331,2.284,2.401,2.407,2.454,2.543,2.608,2.573,2.632,2.661,2.705,,2.824,2.823,2.91,3.002,3.01,3.084,3.137,3.139,3.29,3.298,3.394,3.392,3.592,,3.832,3.878,4.014,4.142,,4.358,4.573,4.741,4.952,5.129,5.332,5.584,5.847,6.183,6.526,6.782,7.301,7.739,8.0,7.93,8.0,8.0,7.924,7.986,8.0,7.977,3.776,3.675,3.63,3.57,3.599,3.609,3.65,3.752,3.823,7.985,8.0,8.0,8.0,8.0,8.0,7.959,7.963,7.943,8.0,7.999,7.951,7.775,7.224,6.865,6.491,,5.87,,5.313,,4.954,4.74,4.486,4.438,4.256,4.068,3.951,3.921,3.729,3.637,3.619,3.475,3.386,3.337,3.191,3.157,,3.026,3.056,2.92,2.823,2.842,2.775,2.798,2.753,2.659,2.609,2.524,2.569,2.541,2.449,2.431,2.403,2.372,2.38,2.223,2.329,2.319,2.248,2.273,2.268,2.236,2.136,2.144,2.171,2.124,2.138,2.093,2.155,2.04,2.051,2.092,2.111,2.02,2.008,2.009,2.04,1.995,2.026,1.96,2.014,2.045,1.997,,2.042,1.981,2.016
dropout,5,0.5,1.25,2.081,2.049,2.027,2.015,1.972,1.969,1.998,2.015,2.021,2.004,2.037,2.042,2.014,2.055,2.069,2.025,2.133,2.063,2.102,2.138,2.119,2.107,2.155,2.171,2.231,2.213,,2.216,2.263,2.29,2.341,2.309,2.354,,2.444,2.511,2.476,2.478,,2.574,2.581,,2.708,2.761,2.744,2.897,2.874,2.947,3.035,2.975,3.141,3.227,3.235,3.344,3.373,3.438,3.514,3.651,3.757,3.914,4.03,4.093,4.297,4.359,4.583,4.763,4.892,5.162,5.326,5.597,5.903,,6.504,6.82,7.284,7.684,8.0,8.0,8.0,8.0,8.0,8.0,7.951,8.0,3.621,3.438,3.442,3.424,3.455,3.457,3.536,3.539,3.567,8.0,7.967,7.987,8.0,7.941,8.0,8.0,8.0,8.0,8.0,7.998,8.0,7.729,7.182,6.838,,6.107,5.858,5.529,5.313,5.122,4.922,4.746,4.565,4.416,4.203,4.13,4.0,3.914,3.78,3.645,3.641,3.483,3.438,3.226,3.24,3.144,3.074,,2.931,2.941,2.928,2.826,2.739,2.772,2.654,2.688,2.595,2.531,2.606,2.511,2.411,2.409,2.434,2.349,2.357,2.302,2.329,2.332,2.282,2.272,2.24,2.147,2.143,2.167,2.135,2.118,2.107,2.143,2.088,2.113,2.072,2.074,2.178,2.065,2.06,2.07,1.976,1.992,2.023,1.999,1.956,2.034,2.044,1.983,1.984,2.011,1.973
dropout,6,0.6,1.25,1.979,1.969,2.053,1.992,1.951,2.008,2.019,2.032,1.98,2.005,1.985,2.008,2.007,2.024,2.024,2.096,2.087,2.089,2.122,2.121,2.091,2.143,2.143,2.232,2.298,,2.214,2.295,2.257,2.301,2.376,2.331,2.376,2.396,2.412,2.355,,2.544,2.5,2.514,2.593,2.714,2.672,2.694,2.797,2.781,2.829,2.938,2.95,3.093,3.125,3.177,3.203,3.267,3.386,3.474,3.604,3.7,3.813,3.844,4.008,4.163,4.271,4.363,,4.758,4.902,5.128,5.341,5.57,5.861,6.165,6.451,6.83,7.22,7.701,8.0,7.952,7.975,8.0,8.0,8.0,7.967,3.508,3.448,3.391,3.414,3.302,3.358,3.265,3.39,3.358,3.5,7.976,8.0,8.0,,7.966,,8.0,7.932,7.978,8.0,8.0,7.978,7.75,7.25,6.917,6.436,6.136,,5.579,5.342,5.142,4.902,4.746,4.496,4.436,4.245,4.105,3.954,3.849,3.766,3.75,3.597,3.528,3.411,,3.218,3.211,3.093,,2.949,2.921,2.855,2.77,2.748,2.729,2.681,2.718,2.643,,2.5,2.521,2.419,2.424,2.42,2.425,2.378,2.369,2.279,2.313,2.296,2.247,2.202,2.162,2.159,2.149,2.219,2.156,2.151,2.099,2.104,2.059,2.046,2.076,2.052,2.02,2.021,1.974,2.046,2.038,2.042,2.0,2.02,2.056,1.965,2.025,,1.975,2.02
dropout,7,0.7,1.25,1.924,2.029,2.002,1.969,2.017,2.009,2.032,2.037,1.996,2.07,2.042,2.091,2.055,2.068,2.019,2.029,2.033,2.136,2.074,2.106,2.089,2.185,2.168,2.185,2.22,2.239,2.229,2.263,2.266,,2.306,2.302,2.347,2.331,2.373,2.443,2.46,2.437,2.541,2.59,2.59,2.695,2.664,2.715,2.762,,2.901,2.973,2.983,3.052,3.163,3.145,3.28,3.338,3.4,3.457,3.57,3.722,3.794,3.902,4.048,4.069,4.283,4.405,4.537,4.778,4.964,5.109,5.364,5.604,5.854,6.109,6.448,6.775,7.298,7.757,7.965,7.97,,7.989,7.968,8.0,8.0,3.31,3.229,3.208,3.16,3.175,3.146,3.128,3.183,3.274,3.269,7.987,8.0,7.999,7.971,8.0,7.98,7.977,8.0,8.0,7.976,8.0,8.0,7.76,7.245,6.792,6.498,6.187,5.832,5.615,5.377,5.113,4.917,4.64,4.579,4.382,4.191,4.135,4.045,3.901,3.749,3.655,3.553,3.467,,3.331,3.243,3.208,3.1,3.064,3.0,2.908,2.837,2.848,2.764,2.667,2.725,2.704,2.662,2.572,2.498,2.478,2.497,2.483,2.355,2.428,2.327,2.4,2.305,2.303,2.312,2.221,2.179,2.175,2.198,2.179,2.121,2.091,,2.108,2.065,2.097,2.062,2.135,2.041,2.066,1.976,2.081,1.97,2.068,1.99,2.006,2.03,1.999,1.997,2.055,1.969,2.007,1.976
dropout,8,0.8,1.25,1.975,,2.031,1.998,1.973,2.014,2.074,2.003,1.94,2.071,2.02,2.092,2.071,2.065,2.021,2.077,2.078,2.058,2.104,2.106,2.131,2.138,2.155,2.148,2.121,2.234,2.209,2.247,2.328,2.285,2.287,2.375,2.32,2.392,2.44,2.404,2.473,2.488,2.476,2.55,2.619,2.664,2.729,2.722,2.83,2.846,2.904,2.942,3.005,2.986,3.109,3.187,3.258,3.334,3.41,3.539,3.611,3.687,3.819,3.892,4.001,4.108,4.259,4.38,4.575,4.709,4.939,5.104,5.326,,5.819,6.181,6.46,6.87,7.281,7.769,7.975,8.0,8.0,8.0,7.998,8.0,8.0,3.116,3.013,,3.019,2.986,3.025,3.002,3.111,3.058,3.124,8.0,7.95,7.975,8.0,7.955,7.947,8.0,7.998,8.0,8.0,7.976,7.968,7.66,7.238,6.849,6.444,6.166,5.765,5.583,5.314,5.1,4.98,4.743,4.557,4.399,4.266,4.102,3.964,3.881,3.774,3.67,3.607,3.513,3.389,3.247,3.259,3.198,3.111,3.031,2.959,,,2.745,2.861,2.751,2.703,2.665,2.598,2.541,2.538,2.504,2.464,2.441,2.396,2.396,2.38,2.291,2.336,2.321,2.232,2.247,2.214,2.259,2.167,2.249,2.168,2.166,2.075,2.101,2.164,2.08,2.126,2.019,2.058,1.983,2.035,2.082,2.044,2.039,2.01,1.969,2.061,2.008,2.043,2.044,1.967,2.009,2.045
dropout,9,0.9,1.25,2.021,2.044,1.938,2.03,2.031,2.047,1.996,2.051,2.007,2.009,2.0,2.053,2.044,2.101,2.082,2.023,2.071,2.066,2.13,2.026,,2.12,2.145,2.12,2.191,2.169,2.268,2.206,2.303,2.287,2.296,2.312,2.38,2.379,2.398,,2.487,2.496,2.606,2.49,2.624,2.657,2.641,2.759,2.789,2.779,2.867,2.906,2.981,2.965,3.126,3.176,3.239,3.259,3.343,3.475,3.519,3.646,3.848,3.886,4.025,4.153,4.242,,4.545,4.712,4.87,5.192,5.381,5.573,5.852,6.093,,6.835,7.233,7.727,7.997,,7.985,8.0,7.945,7.994,3.075,2.994,2.932,2.865,2.797,2.79,2.846,2.864,2.849,2.91,2.956,8.0,8.0,7.98,8.0,8.0,7.915,7.986,,7.949,7.993,8.0,7.98,7.728,7.27,6.873,6.501,6.203,,5.567,5.347,5.078,4.94,4.724,4.523,4.342,4.247,4.161,4.0,3.931,3.724,3.681,3.603,3.479,3.438,3.385,3.173,3.194,3.153,3.058,2.969,2.912,2.864,2.86,2.757,2.769,2.669,2.693,2.591,2.572,2.524,2.546,2.434,2.476,2.427,2.397,2.444,2.392,2.278,2.252,2.243,2.299,2.3,2.235,2.223,2.241,2.161,2.13,2.146,2.138,2.133,2.125,2.095,2.052,2.041,2.011,2.072,2.013,2.035,2.03,1.96,2.036,2.053,1.991,2.013,2.014,1.953,2.038,1.987
dropout,10,1.0,1.25,2.028,1.994,2.064,2.015,2.034,2.066,2.093,2.065,2.016,2.051,2.018,2.028,2.119,2.112,2.048,2.089,2.14,2.118,,,2.173,2.078,2.198,,2.217,,2.171,2.227,2.224,2.307,2.247,2.302,2.354,2.416,2.469,2.414,2.385,2.558,2.539,2.599,2.622,2.676,2.735,2.733,2.782,2.829,2.886,2.946,2.988,3.046,3.112,3.17,3.212,3.356,3.418,3.539,3.525,3.64,3.76,3.954,4.042,4.132,4.308,4.448,4.569,4.781,4.867,5.096,5.306,5.581,5.862,6.126,6.475,6.777,7.302,7.712,,8.0,7.973,7.97,8.0,8.0,2.84,2.78,2.795,2.778,2.777,2.729,2.684,2.743,2.695,2.777,2.86,8.0,8.0,8.0,7.981,8.0,7.976,7.973,7.979,8.0,8.0,8.0,7.977,7.726,7.225,6.866,6.452,6.102,5.884,5.582,,5.118,4.928,4.739,4.599,4.436,4.183,4.092,3.978,3.899,3.794,3.676,,3.486,3.374,3.293,3.285,3.257,3.172,3.045,2.982,2.956,2.869,2.811,2.792,2.68,2.654,2.719,2.651,2.617,2.563,2.507,2.489,2.398,2.375,2.369,2.313,2.318,2.32,2.272,2.241,2.25,2.232,2.204,2.166,2.147,2.134,2.155,2.149,2.12,2.169,2.108,2.034,2.078,2.034,2.003,1.993,2.042,1.996,,2.026,1.953,2.023,1.994,1.999,2.038,2.022,1.998,2.005
dropout,11,1.1,1.25,2.062,1.984,2.006,1.998,2.015,1.989,,1.957,2.036,2.043,2.01,2.047,2.105,2.04,2.042,2.075,2.112,2.028,2.107,2.125,2.098,2.143,2.139,2.191,2.283,2.288,2.26,2.275,2.269,2.295,2.27,2.301,2.311,2.389,2.397,2.421,2.515,2.54,2.529,2.59,2.684,,2.686,2.763,2.8,2.82,2.923,2.967,2.931,,3.106,3.209,3.235,3.366,3.441,,3.558,3.694,3.792,3.84,4.026,4.128,4.329,4.444,4.612,4.77,4.905,5.131,,5.513,5.83,6.123,6.483,6.799,7.233,7.744,7.957,7.988,8.0,7.969,7.999,2.853,2.717,2.609,2.583,2.528,2.598,,2.585,2.548,2.526,2.6,2.684,,8.0,7.947,7.985,8.0,7.961,8.0,8.0,8.0,8.0,8.0,8.0,7.752,7.184,6.866,6.447,6.107,5.876,5.637,,5.13,4.929,4.694,4.536,4.381,4.267,4.137,3.975,3.876,3.794,3.669,3.545,3.471,3.427,3.336,3.154,3.18,3.12,3.045,3.001,2.876,2.896,2.835,2.784,2.721,2.702,2.7,2.585,2.597,2.573,,,,2.359,2.362,2.368,2.32,2.291,2.291,2.272,2.231,2.193,2.215,2.227,2.214,2.162,2.201,2.094,2.114,2.118,2.076,2.063,2.071,2.03,2.017,2.038,2.041,2.046,2.007,1.993,2.039,2.054,2.006,2.016,1.998,1.958,2.074,2.046
dropout,12,1.2,1.25,1.927,2.034,1.975,2.037,2.055,2.034,2.068,2.037,1.975,1.997,1.979,2.022,2.031,2.05,2.036,2.094,2.083,2.103,2.131,2.115,2.221,2.14,2.176,2.204,2.162,2.241,2.264,2.199,2.315,2.22,2.325,2.285,2.346,2.35,2.439,2.427,2.515,2.517,2.52,2.552,2.564,,2.677,2.753,2.789,2.842,2.828,2.949,3.026,3.076,3.06,3.254,3.228,3.22,3.412,3.575,3.59,3.663,3.771,3.843,3.945,4.18,4.312,4.499,4.538,4.725,4.944,5.184,5.336,5.568,5.873,6.162,6.49,6.771,7.251,7.719,8.0,7.98,8.0,8.0,8.0,2.584,2.488,2.515,2.411,2.397,2.377,2.43,2.414,2.378,2.438,2.467,2.466,2.585,7.939,8.0,8.0,8.0,8.0,7.978,7.943,8.0,,,7.986,7.651,7.253,6.768,6.519,6.228,5.813,5.645,5.353,5.066,4.929,4.696,4.607,4.37,4.262,4.126,3.887,3.895,3.743,3.704,3.581,3.512,3.357,3.347,3.25,3.153,3.143,3.078,2.955,2.962,2.857,2.859,2.695,2.685,2.646,2.644,2.621,2.586,2.569,2.563,2.471,2.413,2.377,2.432,2.383,2.402,2.342,2.334,2.232,2.291,2.237,,,2.115,2.172,2.124,2.134,2.161,2.073,2.124,2.089,2.02,2.079,2.08,2.098,1.979,2.007,2.076,2.026,1.982,1.978,2.051,1.959,2.001,2.005,,1.97
dropout,13,1.3,1.25,1.965,2.001,2.036,1.994,1.999,1.984,1.979,1.989,2.044,2.006,1.998,2.089,2.027,,2.056,2.051,2.111,2.127,2.118,2.098,2.177,2.178,2.197,2.101,2.237,2.264,2.217,,2.225,2.255,,2.365,2.253,2.405,2.445,2.436,2.5,2.569,2.505,2.565,2.538,2.684,2.724,2.713,2.736,2.807,2.848,2.937,2.97,3.043,3.087,3.178,3.218,3.319,3.448,3.482,3.616,3.641,3.781,3.945,4.003,4.132,4.329,4.409,4.58,4.703,4.926,5.155,5.367,5.578,5.8,6.1,,6.892,7.209,7.75,7.962,7.922,7.999,8.0,2.493,2.408,2.354,2.287,2.296,2.26,2.266,2.323,2.272,2.225,2.304,2.32,2.347,2.461,7.976,8.0,8.0,7.988,7.972,7.983,7.975,8.0,8.0,8.0,7.98,7.761,7.223,6.792,6.448,6.148,5.793,5.466,5.32,5.129,4.948,4.774,4.515,4.457,4.272,4.214,,3.9,3.767,3.713,3.56,3.481,3.453,3.332,3.284,3.183,3.159,2.972,2.983,2.955,2.873,2.793,2.791,2.733,2.698,,2.575,2.581,2.612,,2.467,2.471,2.376,2.416,2.32,2.261,2.326,2.239,2.236,2.218,2.205,2.21,2.193,2.156,2.124,2.142,2.141,2.106,2.085,2.126,2.055,,2.046,1.986,2.002,2.055,2.049,2.009,1.972,1.996,2.113,2.03,2.019,2.013,2.015,2.009,1.99
dropout,14,1.4,1.25,2.068,1.916,2.048,1.967,2.038,2.016,1.97,2.012,2.073,1.995,2.006,1.986,2.034,2.062,2.06,2.108,2.074,2.136,,2.09,2.099,2.1,2.137,2.154,2.241,2.206,2.219,2.194,2.202,2.268,2.3,2.393,2.366,2.391,2.361,2.465,2.509,2.533,2.546,2.552,2.63,2.672,,2.705,2.774,2.806,2.907,2.905,2.98,3.051,3.102,3.159,3.238,3.287,3.363,3.509,3.59,3.651,3.699,3.88,4.032,4.091,4.257,4.382,4.542,4.679,4.93,5.089,5.41,5.609,5.881,6.153,6.427,6.882,7.311,7.661,8.0,7.971,8.0,7.959,2.323,2.195,2.142,2.085,2.1,2.069,2.101,2.127,2.103,2.131,2.22,2.161,2.242,,7.974,8.0,7.997,8.0,8.0,7.994,7.944,8.0,8.0,7.99,8.0,7.711,7.3,6.828,6.418,6.134,5.842,5.578,5.35,5.12,4.94,4.672,4.531,4.35,4.267,4.126,3.971,3.846,3.798,3.679,3.561,3.499,3.38,3.378,,3.158,3.097,3.084,2.985,2.925,2.842,2.819,2.746,2.775,2.736,2.661,2.644,2.508,2.51,2.491,2.502,2.381,2.403,2.368,2.32,2.422,2.292,2.322,2.294,2.231,2.22,2.182,2.172,2.213,2.101,2.111,2.127,2.08,2.13,2.062,2.08,2.096,2.068,2.062,2.079,2.029,2.066,2.088,2.084,2.036,2.092,1.975,2.018,2.012,1.973,2.0,1.973
dropout,15,1.5,1.25,1.969,2.054,1.947,2.04,2.011,2.035,1.984,1.989,2.039,2.019,1.999,1.991,2.038,2.114,1.991,2.071,2.093,2.141,2.057,2.098,2.094,2.148,2.164,2.157,2.224,2.238,2.238,2.192,2.262,2.271,2.341,2.361,2.315,2.414,2.397,2.438,2.478,2.509,2.488,2.566,,2.659,2.671,2.672,2.75,2.802,2.855,3.016,2.971,3.074,3.091,3.077,3.191,3.378,3.401,3.461,3.62,3.646,3.818,3.887,4.015,4.112,4.241,4.373,4.564,4.693,4.933,5.11,5.353,5.555,5.876,6.155,6.418,,7.243,7.737,8.0,7.987,8.0,2.215,2.094,2.004,1.989,1.926,1.958,1.953,1.973,,1.913,1.948,2.044,2.027,2.064,2.099,7.988,8.0,8.0,7.927,8.0,,8.0,8.0,7.97,8.0,7.927,7.738,7.26,6.769,6.456,6.195,5.853,5.573,5.35,5.122,4.952,4.745,4.576,4.388,,4.046,3.983,3.84,3.709,3.603,3.58,3.484,3.433,3.336,3.232,3.194,3.087,2.992,3.0,2.908,2.938,2.796,2.736,2.739,2.74,2.695,,2.512,2.541,2.487,2.462,2.503,2.364,2.365,2.371,2.356,2.32,2.279,2.262,2.279,2.215,2.176,2.195,2.122,2.173,2.14,2.118,2.11,2.066,2.126,2.115,2.072,2.054,2.074,2.059,2.044,2.028,2.031,2.04,2.002,2.01,1.955,2.002,1.984,,,2.011
dropout,16,1.6,1.25,2.04,1.955,1.969,1.985,2.006,2.004,2.013,2.053,2.131,2.013,2.036,2.049,2.022,2.028,2.029,,2.066,2.085,2.147,2.06,2.16,2.145,2.17,,2.231,2.27,2.222,2.242,2.306,2.318,2.327,2.328,2.384,2.44,2.407,2.476,2.449,2.557,2.549,2.566,2.651,2.702,2.647,2.758,2.78,2.85,2.857,2.864,2.998,3.031,3.146,3.17,3.208,3.314,3.433,3.488,3.583,3.613,3.755,3.832,3.979,4.12,4.273,4.385,4.514,4.752,4.904,5.15,5.302,5.589,5.845,6.168,6.458,6.842,7.229,7.751,8.0,8.0,2.026,1.96,1.884,1.864,1.857,1.834,1.839,1.771,1.742,1.834,1.839,1.816,1.817,1.834,1.83,1.97,2.057,8.0,7.958,8.0,7.995,8.0,8.0,7.997,8.0,,8.0,7.737,7.267,6.847,6.437,6.136,5.853,,5.334,,4.929,4.719,4.573,4.355,4.215,4.108,4.064,3.883,3.854,3.678,,3.472,3.433,3.299,3.244,3.189,3.129,3.101,3.008,2.964,2.868,2.816,2.854,2.722,2.684,2.741,,2.596,2.524,2.538,2.527,2.486,2.412,2.406,2.369,2.284,2.284,2.318,2.317,2.195,2.174,2.24,2.202,2.183,2.169,2.137,2.141,2.125,2.101,2.088,2.021,2.052,2.04,2.099,2.08,1.972,2.01,2.002,2.02,2.018,2.017,1.995,1.992,1.976,2.0,1.959,1.975
dropout,17,1.7,1.25,2.0,1.998,1.986,1.963,2.01,1.946,2.01,2.025,1.972,2.046,2.033,2.058,2.041,2.022,1.966,2.072,2.008,2.069,2.145,2.103,2.174,2.19,2.214,2.188,2.191,2.181,2.195,2.235,2.235,2.258,2.323,2.353,2.404,2.369,2.459,2.482,2.444,2.49,2.567,2.572,2.61,2.653,2.76,2.798,2.763,2.884,2.895,2.954,3.012,3.101,3.14,3.125,3.248,3.345,3.482,3.511,3.531,3.652,3.747,3.873,4.02,,4.25,4.397,4.53,4.732,4.889,5.096,5.385,,,6.117,6.471,6.83,7.232,7.752,7.956,1.763,1.778,,1.698,1.68,1.694,1.724,,1.671,1.683,1.687,1.663,,1.757,1.693,1.707,1.765,1.892,7.996,8.0,8.0,7.987,8.0,7.975,8.0,8.0,8.0,7.988,7.733,7.336,,6.472,6.132,5.877,5.588,5.331,5.144,4.863,4.699,4.613,4.416,4.192,4.018,4.015,3.848,3.77,3.687,3.662,3.49,3.468,3.356,3.228,3.19,3.061,3.046,3.008,2.92,2.88,2.867,2.756,2.741,2.695,2.681,2.622,2.595,,2.527,2.488,2.408,2.454,2.372,2.392,2.358,2.294,2.294,2.268,2.249,2.205,2.189,2.218,2.183,2.122,2.11,2.06,,2.127,2.051,2.094,2.13,2.059,2.039,2.062,1.989,2.054,2.026,2.03,2.011,2.023,2.038,1.985,1.93,,2.038,1.981
chicane,0,0.0,1.25,2.004,2.011,2.085,2.059,1.991,2.018,2.005,1.968,2.068,2.054,2.053,2.069,2.056,2.046,2.044,2.076,2.086,2.074,2.107,2.063,2.061,2.072,2.181,2.22,2.266,2.156,2.204,2.225,2.268,2.205,2.262,2.4,2.367,2.392,2.377,2.404,2.484,2.43,2.54,2.544,2.606,2.633,2.636,2.739,2.745,2.803,2.832,2.887,3.017,3.111,3.159,3.112,3.227,3.315,3.399,3.504,3.533,3.718,3.718,3.874,3.992,4.198,4.181,4.401,4.586,4.749,4.96,5.108,5.355,5.518,5.892,6.165,6.436,6.864,7.284,7.659,8.0,7.986,7.981,4.742,4.574,4.508,4.458,4.411,4.445,4.398,4.495,4.55,7.976,8.0,8.0,8.0,8.0,6.871,6.763,6.749,6.751,6.849,6.904,8.0,7.903,7.942,8.0,8.0,8.0,7.732,7.274,6.809,6.481,6.141,5.797,5.579,5.328,5.092,4.966,4.681,4.515,4.362,4.337,4.084,3.972,3.926,3.768,3.691,3.484,3.438,3.419,3.351,3.248,3.107,3.067,3.092,3.015,2.98,2.891,2.878,2.762,2.728,2.689,2.658,2.592,2.591,2.592,2.48,2.43,2.496,2.382,2.394,2.414,2.344,2.275,2.247,2.328,2.261,2.218,2.224,2.151,2.198,2.129,2.126,2.154,2.171,2.118,2.13,2.137,2.03,2.098,2.111,2.085,1.973,1.962,1.994,2.04,1.981,2.04,2.014,2.029,2.011,1.961,2.077,1.934
chicane,1,0.1,1.25,1.978,2.017,1.969,1.969,2.048,1.993,1.988,1.974,2.114,2.057,2.055,2.019,1.976,2.048,1.988,2.075,2.049,2.093,2.119,2.176,2.137,2.165,2.155,2.21,2.235,2.197,2.15,2.258,2.259,2.259,2.343,2.317,2.359,2.387,2.337,2.459,2.441,2.478,2.564,2.562,2.564,2.731,2.717,2.683,2.744,2.802,2.893,2.874,3.018,3.033,3.134,3.191,3.29,3.399,3.388,3.502,3.632,3.695,3.796,3.905,4.002,4.1,4.326,4.431,4.524,4.682,4.935,5.064,5.284,5.512,5.816,6.101,6.451,6.793,7.264,7.722,8.0,7.962,8.0,4.484,4.342,4.423,4.413,4.286,4.34,4.371,4.404,4.378,8.0,8.0,8.0,8.0,7.941,6.722,6.614,6.657,6.612,6.607,6.802,8.0,7.984,8.0,7.957,8.0,8.0,7.8,7.308,6.84,6.464,6.093,5.846,5.55,5.325,5.137,4.933,4.704,4.534,4.401,4.243,4.09,4.041,3.894,3.764,3.652,3.571,3.454,3.414,3.338,3.265,3.158,3.098,3.062,2.946,2.957,2.896,2.839,2.781,2.709,2.669,2.689,2.575,2.572,2.524,2.471,2.453,2.458,2.445,2.399,2.371,2.332,2.301,2.283,2.284,2.232,2.213,2.293,2.188,2.152,2.215,2.124,2.141,2.081,2.093,2.116,2.069,2.044,2.101,2.037,2.018,2.008,1.971,2.055,2.01,1.977,2.024,2.021,2.024,1.931,1.981,2.004,2.004
chicane,2,0.2,1.25,2.038,2.003,2.003,2.018,1.986,2.06,1.997,1.97,2.061,1.994,2.018,2.037,2.013,2.015,2.047,2.156,2.039,2.133,2.108,2.116,2.152,2.097,2.175,2.199,2.128,2.27,2.235,2.283,2.234,2.269,2.313,2.38,2.412,2.436,2.43,2.507,2.474,2.492,2.553,2.585,2.647,2.576,2.75,2.685,2.752,2.864,2.868,2.944,3.052,3.059,3.13,3.145,3.279,3.377,3.39,3.54,3.542,3.613,3.772,3.845,4.024,4.084,4.196,4.371,4.561,4.688,4.95,5.114,5.282,5.561,5.823,6.199,6.466,6.858,7.223,7.76,8.0,7.968,7.992,4.318,4.209,4.203,4.16,4.144,4.196,4.196,4.274,4.298,8.0,8.0,7.984,8.0,7.981,6.558,6.418,6.394,6.481,6.469,6.606,7.963,8.0,7.959,7.977,8.0,8.0,7.776,7.306,6.822,6.474,6.174,5.894,5.597,5.282,5.131,4.933,4.74,4.537,4.416,4.284,4.145,4.001,3.879,3.831,3.698,3.565,3.435,3.414,3.373,3.288,3.164,3.154,3.073,2.963,2.924,2.927,2.799,2.728,2.792,2.71,2.697,2.585,2.564,2.545,2.553,2.46,2.452,2.421,2.386,2.389,2.392,2.281,2.23,2.216,2.169,2.173,2.234,2.087,2.2,2.15,2.141,2.139,2.135,2.066,2.095,2.007,2.066,2.078,2.08,2.071,2.052,2.017,1.961,2.038,1.989,1.966,2.014,1.998,2.05,1.906,2.004,2.052
chicane,3,0.3,1.25,1.978,2.043,2.0,1.94,2.002,2.058,1.999,1.999,2.025,1.999,2.038,2.053,2.059,2.108,2.065,2.069,2.031,2.113,2.084,2.129,2.12,2.185,2.154,2.233,2.203,2.194,2.234,2.257,2.279,2.256,2.274,2.297,2.376,2.408,2.478,2.521,2.457,2.517,2.554,2.636,2.628,2.639,2.722,2.68,2.756,2.866,2.9,2.924,2.975,3.104,3.15,3.188,3.187,3.345,3.396,3.499,3.572,3.67,3.816,3.854,3.997,4.149,4.256,4.392,4.576,4.746,4.971,5.046,5.327,5.612,5.859,6.195,6.531,6.935,7.253,7.705,7.94,8.0,4.295,4.077,4.058,4.059,3.965,3.995,4.006,4.022,4.098,4.161,8.0,8.0,8.0,7.993,7.97,6.408,6.364,6.266,6.267,6.238,6.418,8.0,7.99,8.0,7.962,8.0,8.0,7.705,7.251,6.886,6.484,6.116,5.859,5.562,5.322,5.077,4.854,4.767,4.573,4.41,4.222,4.097,3.951,3.892,3.786,3.695,3.512,3.471,3.397,3.319,3.258,3.197,3.132,3.042,3.012,2.984,2.881,2.812,2.732,2.72,2.677,2.668,2.605,2.513,2.483,2.449,2.504,2.487,2.399,2.441,2.402,2.338,2.332,2.3,2.286,2.227,2.254,2.23,2.186,2.193,2.168,2.095,2.125,2.086,2.098,2.115,2.095,2.115,2.075,2.054,2.125,2.016,2.012,2.007,2.028,2.009,2.019,2.028,1.996,2.028,1.984,2.008,1.978
chicane,4,0.4,1.25,1.983,2.075,2.003,1.968,1.97,2.02,2.096,1.973,2.056,2.017,1.988,2.056,2.022,2.042,2.116,2.082,2.104,2.092,2.109,2.076,2.091,2.17,2.109,2.171,2.269,2.198,2.214,2.286,2.256,2.342,2.325,2.334,2.325,2.414,2.493,2.43,2.533,2.559,2.475,2.592,2.626,2.615,2.708,2.76,2.759,2.894,2.882,2.977,3.038,3.125,3.108,3.211,3.251,3.349,3.377,3.486,3.574,3.629,3.791,3.899,4.008,4.19,4.327,4.368,4.619,4.677,4.917,5.136,5.386,5.576,5.894,6.221,6.496,6.889,7.225,7.746,8.0,7.99,4.036,3.942,3.895,3.925,3.89,3.863,3.839,3.882,3.941,4.027,7.918,8.0,8.0,8.0,7.984,6.366,6.208,6.171,6.133,6.206,6.326,6.485,8.0,7.983,7.989,8.0,8.0,7.728,7.304,6.87,6.481,6.052,5.88,5.616,5.394,5.057,4.989,4.768,4.518,4.428,4.245,4.108,4.003,3.867,3.752,3.716,3.553,3.471,3.366,3.269,3.21,3.164,3.161,2.928,3.074,2.934,2.824,2.838,2.731,2.75,2.686,2.672,2.622,2.635,2.531,2.472,2.463,2.451,2.428,2.404,2.381,2.379,2.308,2.298,2.262,2.252,2.227,2.229,2.165,2.172,2.146,2.134,2.13,2.137,2.052,2.135,2.083,2.072,2.068,2.102,2.035,2.042,2.069,1.98,2.03,1.991,1.972,2.005,1.935,2.077,2.075,1.964,1.953
chicane,5,0.5,1.25,2.008,2.055,1.976,2.043,2.029,2.037,2.045,1.994,2.022,2.01,2.036,1.979,2.053,2.046,2.029,1.997,2.108,2.1,2.111,2.076,2.112,2.157,2.2,2.241,2.225,2.211,2.24,2.282,2.284,2.34,2.325,2.369,2.328,2.402,2.457,2.428,2.496,2.514,2.561,2.541,2.597,2.641,2.703,2.673,2.718,2.86,2.871,2.919,3.015,3.07,3.074,3.193,3.301,3.345,3.405,3.453,3.572,3.717,3.776,3.866,3.968,4.069,4.287,4.471,4.536,4.725,4.926,5.121,5.303,5.598,5.803,6.126,6.525,6.839,7.274,7.705,8.0,4.077,3.851,3.803,3.81,3.709,3.755,3.675,3.646,3.717,3.838,3.88,8.0,8.0,8.0,7.985,8.0,6.16,6.055,5.994,5.979,5.991,6.05,6.258,8.0,7.977,7.933,8.0,8.0,7.751,7.285,6.882,6.533,6.115,5.84,5.577,5.36,5.13,4.93,4.735,4.571,4.471,4.248,4.142,4.067,3.892,3.721,3.725,3.595,3.514,3.357,3.318,3.196,3.188,3.086,3.032,3.016,2.944,2.833,2.83,2.824,2.711,2.691,2.617,2.608,2.57,2.516,2.537,2.478,2.452,2.426,2.369,2.359,2.283,2.24,2.323,2.26,2.268,2.26,2.157,2.212,2.173,2.138,2.199,2.177,2.174,2.115,2.098,2.102,2.086,2.058,2.061,2.077,2.04,2.003,2.0,1.951,2.055,2.027,2.048,1.954,2.008,2.021,1.978,1.999
chicane,6,0.6,1.25,1.954,1.957,2.023,1.94,1.991,2.031,1.98,2.044,1.95,2.038,2.057,2.033,2.103,2.076,2.056,2.119,2.037,2.07,2.081,2.134,2.076,2.159,2.122,2.202,2.191,2.221,2.242,2.267,2.236,2.288,2.305,2.355,2.369,2.439,2.396,2.413,2.464,2.518,2.479,2.585,2.575,2.656,2.672,2.714,2.783,2.74,2.916,2.951,2.945,3.077,3.111,3.183,3.179,3.334,3.445,3.492,3.568,3.683,3.769,3.874,3.944,4.149,4.223,4.458,4.572,4.707,4.929,5.097,5.384,5.633,5.798,6.179,6.51,6.808,7.231,7.703,8.0,3.728,3.617,3.566,3.618,3.579,3.554,3.516,3.58,3.605,3.732,3.74,7.964,7.939,8.0,8.0,8.0,6.058,5.932,5.867,5.88,5.884,5.961,6.054,8.0,8.0,8.0,8.0,7.985,7.728,7.233,6.824,6.486,6.104,5.856,5.508,5.331,5.131,4.881,4.709,4.528,4.412,4.22,4.076,3.96,3.916,3.74,3.693,3.525,3.399,3.408,3.306,3.206,3.331,3.078,3.038,2.967,2.86,2.91,2.855,2.757,2.821,2.746,2.57,2.526,2.645,2.518,2.557,2.501,2.417,2.429,2.396,2.322,2.325,2.344,2.311,2.313,2.251,2.261,2.203,2.139,2.175,2.188,2.227,2.13,2.11,2.01,2.072,2.047,2.094,2.026,2.086,2.014,2.053,2.094,2.037,2.041,2.104,2.067,1.943,1.976,2.114,2.038,1.997,2.078
chicane,7,0.7,1.25,1.96,1.991,2.037,2.038,2.036,2.017,2.055,2.01,2.039,2.104,2.073,2.013,2.059,2.071,2.064,2.104,2.016,2.094,2.036,2.174,2.15,2.209,2.203,2.17,2.121,2.202,2.258,2.263,2.282,2.266,2.306,2.266,2.426,2.429,2.358,2.398,2.487,2.473,2.525,2.67,2.614,2.619,2.75,2.725,2.742,2.905,2.932,2.936,3.0,3.051,3.181,3.156,3.221,3.307,3.417,3.538,3.573,3.65,3.792,3.9,4.014,4.17,4.261,4.434,4.604,4.733,4.918,5.117,5.386,5.565,5.823,6.14,6.488,6.879,7.245,7.749,3.673,3.523,3.472,3.452,3.459,3.373,3.422,3.41,3.44,3.431,3.576,3.562,7.995,8.0,7.965,8.0,7.975,5.979,5.792,5.711,5.705,5.784,5.828,5.781,8.0,8.0,8.0,7.967,7.915,7.717,7.253,6.814,6.476,6.174,5.879,5.562,5.381,5.067,4.972,4.759,4.593,4.418,4.29,4.128,4.058,3.918,3.758,3.669,3.562,3.506,3.363,3.371,3.244,3.216,3.12,3.046,3.043,2.954,2.807,2.761,2.775,2.774,2.678,2.665,2.649,2.55,2.522,2.53,2.456,2.444,2.408,2.426,2.446,2.256,2.368,2.267,2.28,2.283,2.231,2.281,2.227,2.155,2.159,2.15,2.106,2.122,2.061,2.098,2.106,2.069,2.037,2.069,2.017,2.057,1.99,1.985,2.014,2.009,1.996,1.995,1.993,2.04,2.006,2.001,2.004
chicane,8,0.8,1.25,1.966,1.944,2.011,2.028,2.046,1.958,1.963,2.038,2.012,2.091,2.004,1.964,2.047,2.035,2.085,2.06,2.054,2.055,2.063,2.131,2.172,2.088,2.124,2.188,2.231,2.208,2.24,2.293,2.227,2.307,2.33,2.378,2.376,2.339,2.446,2.496,2.471,2.428,2.505,2.581,2.591,2.588,2.72,2.743,2.735,2.823,2.873,2.892,3.083,3.071,3.1,3.179,3.256,3.321,3.358,3.505,3.559,3.664,3.732,3.915,4.018,4.066,4.326,4.424,4.544,4.719,4.939,5.165,5.344,5.605,5.877,6.105,6.416,6.836,7.338,7.745,3.452,3.343,3.279,3.369,3.246,3.223,3.241,3.209,3.289,3.352,3.395,3.537,7.984,7.943,7.974,7.948,8.0,5.758,5.672,5.608,5.581,5.533,5.595,5.612,8.0,7.952,8.0,7.98,7.999,7.712,7.229,6.835,6.45,6.132,5.889,5.569,5.349,5.082,4.915,4.754,4.532,4.333,4.254,4.145,3.951,3.893,3.725,3.668,3.536,3.496,3.348,3.325,3.21,3.14,3.116,3.025,2.968,2.904,2.898,2.862,2.802,2.726,2.69,2.695,2.619,2.575,2.538,2.508,2.424,2.414,2.448,2.38,2.385,2.367,2.297,2.282,2.258,2.212,2.177,2.287,2.233,2.124,2.135,2.165,2.127,2.127,2.152,2.112,2.075,2.065,2.062,2.053,2.026,2.075,2.037,2.007,2.09,2.028,2.017,1.977,1.996,2.056,2.001,2.0,1.971
chicane,9,0.9,1.25,1.981,2.048,1.992,1.991,2.052,2.065,2.004,2.031,2.007,2.004,2.014,2.037,2.07,2.075,2.032,2.1,2.087,2.132,2.132,2.087,2.017,2.203,2.16,2.211,2.169,2.187,2.233,2.25,2.253,2.276,2.278,2.378,2.386,2.404,2.453,2.449,2.438,2.547,2.515,2.579,2.599,2.66,2.73,2.735,2.783,2.774,2.85,2.899,3.066,3.023,3.098,3.205,3.222,3.384,3.477,3.475,3.565,3.695,3.717,3.893,4.018,4.119,4.264,4.446,4.502,4.705,4.883,5.098,5.302,5.537,5.883,6.131,6.506,6.855,7.305,3.384,3.185,3.182,3.188,3.17,3.082,3.118,3.122,3.162,3.166,3.192,3.296,3.427,7.939,8.0,8.0,7.992,8.0,5.637,5.448,5.386,5.416,5.424,5.382,5.494,5.7,7.996,7.983,7.952,7.996,7.73,7.215,6.891,6.473,6.173,5.802,5.55,5.326,5.149,4.871,4.758,4.539,4.431,4.266,4.101,4.013,3.82,3.819,3.636,3.583,3.437,3.426,3.316,3.2,3.195,3.147,3.071,3.005,2.902,2.925,2.791,2.836,2.695,2.765,2.637,2.631,2.559,2.556,2.509,2.456,2.526,2.394,2.371,2.35,2.327,2.282,2.315,2.286,2.333,2.238,2.202,2.159,2.266,2.099,2.174,2.127,2.116,2.151,2.081,2.03,2.066,2.097,2.039,2.047,2.01,2.002,2.02,2.048,2.049,2.031,2.011,1.999,2.029,1.974,1.994,1.958
chicane,10,1.0,1.25,1.994,2.015,2.003,1.987,1.989,2.031,2.024,2.033,1.998,2.024,1.993,2.07,2.062,2.022,2.024,2.093,2.105,2.101,2.049,2.05,2.173,2.089,2.138,2.169,2.15,2.17,2.207,2.263,2.222,2.26,2.335,2.368,2.408,2.352,2.416,2.472,2.368,2.518,2.507,2.582,2.581,2.647,2.645,2.701,2.786,2.913,2.861,2.915,3.005,3.029,3.12,3.213,3.254,3.317,3.386,3.516,3.599,3.676,3.822,3.903,4.026,4.152,4.292,4.373,4.614,4.741,4.962,5.141,5.296,5.523,5.89,6.093,6.472,6.805,7.272,3.144,3.057,3.072,2.976,2.962,2.997,2.926,2.974,2.937,2.99,3.055,3.146,3.284,7.98,8.0,7.995,7.95,8.0,5.392,5.364,5.272,5.227,5.253,5.267,5.239,5.401,7.985,8.0,7.951,7.972,7.782,7.205,6.825,6.491,6.221,5.891,5.562,5.341,5.126,4.929,4.692,4.52,4.369,4.245,4.107,4.045,3.845,3.774,3.659,3.521,3.5,3.364,3.335,3.19,3.191,3.09,3.106,2.973,2.954,2.88,2.766,2.768,2.753,2.736,2.675,2.614,2.563,2.504,2.488,2.487,2.416,2.407,2.394,2.34,2.359,2.305,2.306,2.309,2.278,2.254,2.218,2.164,2.184,2.124,2.105,2.148,2.09,2.123,2.124,2.102,2.065,2.026,2.028,2.033,2.037,2.055,2.008,1.967,2.004,2.007,2.069,2.013,1.982,2.02,2.019,1.983
chicane,11,1.1,1.25,1.99,2.045,2.006,1.97,2.008,2.067,1.942,1.985,2.04,2.041,2.079,2.03,2.093,1.992,2.041,2.063,2.106,2.052,2.129,2.073,2.122,2.121,2.233,2.172,2.164,2.158,2.228,2.189,2.203,2.325,2.261,2.255,2.303,2.388,2.417,2.485,2.382,2.578,2.53,2.65,2.601,2.718,2.666,2.737,2.76,2.874,2.945,2.936,3.033,3.066,3.118,3.114,3.249,3.33,3.369,3.491,3.638,3.65,3.795,3.84,4.056,4.171,4.305,4.389,4.64,4.72,4.923,5.106,5.3,5.6,5.851,6.108,6.494,6.894,3.016,2.92,2.814,2.902,2.852,2.763,2.889,2.801,2.843,2.8,2.943,2.935,3.065,7.976,7.965,8.0,8.0,8.0,8.0,5.374,5.209,5.156,5.125,5.131,5.129,5.158,5.257,8.0,8.0,8.0,7.982,7.687,7.229,6.807,6.488,6.161,5.833,5.593,5.376,5.073,4.884,4.708,4.564,4.436,4.269,4.121,3.98,3.839,3.733,3.601,3.577,3.484,3.465,3.313,3.29,3.169,3.12,3.029,3.039,2.917,2.909,2.808,2.7,2.679,2.723,2.665,2.64,2.574,2.552,2.475,2.497,2.461,2.446,2.337,2.403,2.327,2.325,2.318,2.264,2.175,2.28,2.199,2.162,2.16,2.199,2.166,2.091,2.115,2.078,2.084,2.057,2.085,2.065,2.05,2.067,2.046,2.048,2.013,1.971,2.073,2.024,2.061,1.986,1.974,2.014,2.006,1.97
chicane,12,1.2,1.25,2.041,1.99,1.998,2.041,2.02,2.012,2.018,2.066,1.995,2.054,1.998,1.975,1.997,2.012,1.98,2.067,2.019,2.099,2.067,2.142,2.15,2.101,2.182,2.167,2.176,2.176,2.191,2.262,2.275,2.316,2.33,2.374,2.363,2.405,2.469,2.475,2.438,2.497,2.534,2.635,2.649,2.65,2.663,2.71,2.708,2.841,2.843,2.929,3.021,3.077,3.1,3.167,3.284,3.309,3.41,3.469,3.555,3.704,3.753,3.873,4.033,4.18,4.237,4.427,4.634,4.75,4.909,5.125,5.327,5.623,5.882,6.1,6.441,2.862,2.779,2.749,2.723,2.66,2.649,2.655,2.678,2.632,2.732,2.696,2.718,2.806,2.82,8.0,8.0,8.0,7.995,7.988,7.999,5.299,5.103,4.964,4.958,4.97,4.92,4.993,5.101,5.259,8.0,7.933,7.965,7.769,7.31,6.846,6.49,6.162,5.841,5.579,5.369,5.144,4.869,4.762,4.591,4.377,4.251,4.146,3.982,3.89,3.748,3.718,3.543,3.502,3.361,3.371,3.235,3.205,3.141,3.059,2.984,2.919,2.801,2.824,2.733,2.763,2.638,2.674,2.624,2.494,2.527,2.49,2.486,2.408,2.379,2.4,2.309,2.313,2.28,2.286,2.25,2.15,2.225,2.173,2.172,2.188,2.132,2.229,2.106,2.003,2.091,2.075,2.115,2.052,2.017,2.055,2.021,2.019,2.033,2.014,1.983,2.061,1.969,2.013,1.992,2.007,2.019,1.94,2.031
chicane,13,1.3,1.25,1.957,1.999,2.054,2.021,1.992,2.033,2.002,1.978,2.02,1.977,2.071,2.032,2.085,2.006,2.062,2.036,2.088,2.069,2.093,2.085,2.127,2.164,2.171,2.145,2.192,2.243,2.136,2.232,2.197,2.322,2.264,2.377,2.351,2.422,2.405,2.422,2.449,2.478,2.518,2.528,2.615,2.638,2.651,2.705,2.815,2.81,2.912,2.95,2.982,3.099,3.126,3.197,3.264,3.317,3.416,3.507,3.541,3.71,3.771,3.901,4.027,4.125,4.241,4.445,4.571,4.712,4.936,5.142,5.301,5.609,5.843,6.108,2.732,2.686,2.628,2.586,2.537,2.56,2.505,2.545,2.493,2.494,2.525,2.557,2.619,2.675,2.734,7.995,7.999,7.927,8.0,7.996,8.0,5.165,5.028,4.821,4.836,4.853,4.857,4.837,4.903,5.004,8.0,8.0,8.0,7.701,7.298,6.799,6.41,6.1,5.841,5.551,5.3,5.137,4.944,4.711,4.531,4.375,4.205,4.188,3.985,3.886,3.792,3.697,3.569,3.542,3.36,3.379,3.232,3.198,3.091,3.042,2.991,2.946,2.915,2.818,2.722,2.731,2.668,2.619,2.695,2.537,2.524,2.54,2.459,2.406,2.374,2.37,2.377,2.361,2.354,2.25,2.25,2.219,2.216,2.221,2.213,2.122,2.154,2.166,2.135,2.083,2.134,2.12,2.065,2.097,2.113,2.085,2.036,2.01,2.065,2.007,2.012,1.983,2.105,2.01,2.036,1.979,1.96,2.047,1.942
chicane,14,1.4,1.25,1.967,1.991,1.97,1.966,2.02,2.056,1.987,1.972,2.094,2.064,1.987,1.913,2.06,2.024,2.036,2.028,2.083,2.127,2.079,2.109,2.126,2.183,2.176,2.208,2.194,2.248,2.216,2.177,2.27,2.312,2.302,2.279,2.364,2.364,2.38,2.451,2.476,2.478,2.592,2.581,2.55,2.637,2.711,2.716,2.722,2.813,2.882,2.952,3.047,3.054,3.084,3.162,3.254,3.29,3.376,3.53,3.481,3.63,3.785,3.929,3.963,4.138,4.263,4.473,4.519,4.655,4.988,5.126,5.336,5.64,5.866,2.613,2.48,2.478,2.438,2.352,2.401,2.359,2.368,2.478,2.355,2.348,2.36,2.401,2.547,2.525,2.661,7.989,8.0,7.998,7.973,7.944,8.0,8.0,4.855,4.818,4.68,4.641,4.695,4.705,4.751,4.83,8.0,7.957,7.993,7.721,7.312,6.874,6.459,6.21,5.87,5.567,5.359,5.084,4.946,4.724,4.54,4.376,4.23,4.168,3.969,3.859,3.767,3.72,3.571,3.501,3.461,3.382,3.287,3.218,3.138,3.041,2.98,2.945,2.87,2.799,2.746,2.717,2.734,2.596,2.69,2.598,2.547,2.521,2.495,2.421,2.426,2.395,2.337,2.275,2.282,2.36,2.271,2.214,2.171,2.234,2.197,2.176,2.116,2.151,2.117,2.151,2.114,2.073,2.058,2.1,2.038,2.047,2.052,2.028,2.009,2.066,1.995,2.033,2.062,2.029,1.967,1.95,1.973,2.012,1.987
chicane,15,1.5,1.25,2.035,1.981,1.981,1.96,2.009,2.05,2.025,2.028,2.064,2.028,2.065,2.034,1.992,2.09,2.056,2.005,2.081,2.155,2.111,2.099,2.142,2.128,2.198,2.139,2.187,2.169,2.216,2.282,2.307,2.256,2.277,2.346,2.399,2.39,2.445,2.419,2.482,2.473,2.513,2.575,2.586,2.659,2.689,2.828,2.787,2.839,2.924,2.897,3.032,3.064,3.181,3.179,3.216,3.298,3.449,3.499,3.593,3.648,3.804,3.907,3.979,4.119,4.231,4.416,4.551,4.738,4.938,5.097,5.274,5.594,2.433,2.415,2.332,2.274,2.275,2.262,2.26,2.234,2.176,2.272,2.256,2.242,2.266,2.324,2.346,2.386,2.477,7.975,7.989,8.0,7.999,8.0,8.0,8.0,4.652,4.561,4.554,4.534,4.541,4.52,4.575,4.662,4.776,7.966,7.965,7.743,7.273,6.806,6.484,6.181,5.907,5.59,5.305,5.147,4.881,4.743,4.507,4.479,4.19,4.142,3.999,3.88,3.753,3.664,3.579,3.508,3.48,3.354,3.284,3.234,3.125,3.023,3.029,2.952,2.867,2.811,2.739,2.751,2.653,2.654,2.626,2.517,2.507,2.491,2.536,2.451,2.432,2.387,2.352,2.321,2.311,2.253,2.255,2.287,2.164,2.198,2.201,2.234,2.174,2.155,2.109,2.124,2.077,2.101,2.083,2.087,2.055,2.027,2.087,2.051,2.065,2.015,1.98,2.023,1.983,1.995,2.018,2.037,1.96,1.95,1.976
chicane,16,1.6,1.25,2.032,1.973,1.981,2.024,1.994,2.0,2.078,2.003,2.032,1.989,1.984,2.048,2.056,2.042,1.991,2.055,2.121,2.092,2.179,2.117,2.129,2.148,2.233,2.172,2.178,2.22,2.306,2.224,2.314,2.23,2.281,2.275,2.386,2.367,2.4,2.483,2.417,2.464,2.524,2.534,2.576,2.657,2.634,2.741,2.811,2.9,2.915,3.03,2.966,2.984,3.133,3.207,3.23,3.312,3.306,3.479,3.539,3.688,3.78,3.877,4.021,4.165,4.253,4.393,4.578,4.781,4.898,5.138,5.273,2.32,2.249,2.243,2.078,2.08,2.128,2.072,2.103,2.11,2.084,2.126,2.091,2.159,2.185,2.185,2.192,2.299,8.0,8.0,7.959,8.0,8.0,8.0,8.0,8.0,4.53,4.463,4.346,4.386,4.35,4.38,4.427,4.469,4.505,8.0,8.0,7.72,7.239,6.843,6.452,6.156,5.874,5.561,5.363,5.145,4.867,4.779,4.574,4.367,4.278,4.027,4.058,3.908,3.84,3.647,3.534,3.475,3.384,3.362,3.212,3.176,3.176,3.069,2.975,2.924,2.867,2.864,2.776,2.677,2.666,2.612,2.574,2.577,2.503,2.497,2.441,2.466,2.407,2.322,2.387,2.325,2.284,2.299,2.332,2.239,2.225,2.208,2.181,2.183,2.208,2.078,2.172,2.144,2.068,2.048,2.034,2.075,2.152,2.093,2.041,2.02,2.043,2.082,1.967,1.978,1.982,2.074,2.008,2.01,2.027,1.946,1.958
chicane,17,1.7,1.25,2.04,2.027,2.016,2.044,1.943,1.994,2.007,2.004,1.966,2.065,2.014,2.078,2.012,2.072,2.074,2.056,2.09,2.115,2.132,2.121,2.115,2.174,2.115,2.19,2.222,2.209,2.311,2.296,2.223,2.246,2.388,2.331,2.323,2.423,2.428,2.434,2.442,2.53,2.555,2.543,2.615,2.61,2.639,2.734,2.777,2.871,2.889,2.927,2.948,2.993,3.086,3.237,3.312,3.259,3.368,3.484,3.63,3.635,3.74,3.86,4.015,4.153,4.245,4.425,4.59,4.728,4.959,2.206,2.112,2.089,2.01,2.014,2.026,1.974,1.878,1.969,1.949,1.888,2.009,1.967,1.921,1.971,2.057,2.069,2.108,2.194,7.982,8.0,8.0,8.0,7.905,8.0,8.0,7.945,4.344,4.233,4.269,4.261,4.19,4.171,4.26,4.341,4.398,8.0,8.0,7.746,7.249,6.79,6.466,6.152,5.863,5.651,5.38,5.157,4.925,4.695,4.554,4.386,4.248,4.133,3.989,3.906,3.86,3.703,3.564,3.532,3.408,3.32,3.228,3.246,3.122,3.074,3.006,2.9,2.883,2.768,2.797,2.683,2.707,2.614,2.538,2.589,2.588,2.502,2.464,2.498,2.435,2.405,2.403,2.334,2.298,2.283,2.276,2.224,2.227,2.212,2.225,2.149,2.153,2.148,2.047,2.138,2.183,2.058,2.081,2.055,2.06,2.101,1.984,2.05,2.03,2.028,1.997,1.97,1.995,2.064,2.035,1.989,2.007,1.954,1.97
