scene,frame,car_x_m,car_y_m,obstacles_json
clear,0,0.0,0,[]
clear,1,0.15,0,[]
clear,2,0.3,0,[]
clear,3,0.45,0,[]
clear,4,0.6,0,[]
clear,5,0.75,0,[]
clear,6,0.9,0,[]
clear,7,1.05,0,[]
clear,8,1.2,0,[]
clear,9,1.35,0,[]
clear,10,1.5,0,[]
clear,11,1.65,0,[]
clear,12,1.8,0,[]
clear,13,1.95,0,[]
clear,14,2.1,0,[]
clear,15,2.25,0,[]
clear,16,2.4,0,[]
clear,17,2.55,0,[]
cone,0,0.0,0,"[[5.0, 0.25, 0.27]]"
cone,1,0.15,0,"[[5.0, 0.25, 0.27]]"
cone,2,0.3,0,"[[5.0, 0.25, 0.27]]"
cone,3,0.45,0,"[[5.0, 0.25, 0.27]]"
cone,4,0.6,0,"[[5.0, 0.25, 0.27]]"
cone,5,0.75,0,"[[5.0, 0.25, 0.27]]"
cone,6,0.9,0,"[[5.0, 0.25, 0.27]]"
cone,7,1.05,0,"[[5.0, 0.25, 0.27]]"
cone,8,1.2,0,"[[5.0, 0.25, 0.27]]"
cone,9,1.35,0,"[[5.0, 0.25, 0.27]]"
cone,10,1.5,0,"[[5.0, 0.25, 0.27]]"
cone,11,1.65,0,"[[5.0, 0.25, 0.27]]"
cone,12,1.8,0,"[[5.0, 0.25, 0.27]]"
cone,13,1.95,0,"[[5.0, 0.25, 0.27]]"
cone,14,2.1,0,"[[5.0, 0.25, 0.27]]"
cone,15,2.25,0,"[[5.0, 0.25, 0.27]]"
cone,16,2.4,0,"[[5.0, 0.25, 0.27]]"
cone,17,2.55,0,"[[5.0, 0.25, 0.27]]"
opponent,0,0.0,0,"[[5.1, 0.75, 0.27]]"
opponent,1,0.15,0,"[[5.045, 0.705, 0.27]]"
opponent,2,0.3,0,"[[4.989999999999999, 0.66, 0.27]]"
opponent,3,0.45,0,"[[4.935, 0.615, 0.27]]"
opponent,4,0.6,0,"[[4.88, 0.5700000000000001, 0.27]]"
opponent,5,0.75,0,"[[4.824999999999999, 0.525, 0.27]]"
opponent,6,0.9,0,"[[4.77, 0.48, 0.27]]"
opponent,7,1.05,0,"[[4.715, 0.435, 0.27]]"
opponent,8,1.2,0,"[[4.659999999999999, 0.39, 0.27]]"
opponent,9,1.35,0,"[[4.6049999999999995, 0.34500000000000003, 0.27]]"
opponent,10,1.5,0,"[[4.55, 0.30000000000000004, 0.27]]"
opponent,11,1.65,0,"[[4.494999999999999, 0.255, 0.27]]"
opponent,12,1.8,0,"[[4.4399999999999995, 0.20999999999999996, 0.27]]"
opponent,13,1.95,0,"[[4.385, 0.16500000000000004, 0.27]]"
opponent,14,2.1,0,"[[4.33, 0.12, 0.27]]"
opponent,15,2.25,0,"[[4.2749999999999995, 0.07500000000000007, 0.27]]"
opponent,16,2.4,0,"[[4.22, 0.030000000000000027, 0.27]]"
opponent,17,2.55,0,"[[4.164999999999999, -0.015000000000000013, 0.27]]"
dropout,0,0.0,0,"[[4.5, -0.15, 0.3]]"
dropout,1,0.15,0,"[[4.5, -0.15, 0.3]]"
dropout,2,0.3,0,"[[4.5, -0.15, 0.3]]"
dropout,3,0.45,0,"[[4.5, -0.15, 0.3]]"
dropout,4,0.6,0,"[[4.5, -0.15, 0.3]]"
dropout,5,0.75,0,"[[4.5, -0.15, 0.3]]"
dropout,6,0.9,0,"[[4.5, -0.15, 0.3]]"
dropout,7,1.05,0,"[[4.5, -0.15, 0.3]]"
dropout,8,1.2,0,"[[4.5, -0.15, 0.3]]"
dropout,9,1.35,0,"[[4.5, -0.15, 0.3]]"
dropout,10,1.5,0,"[[4.5, -0.15, 0.3]]"
dropout,11,1.65,0,"[[4.5, -0.15, 0.3]]"
dropout,12,1.8,0,"[[4.5, -0.15, 0.3]]"
dropout,13,1.95,0,"[[4.5, -0.15, 0.3]]"
dropout,14,2.1,0,"[[4.5, -0.15, 0.3]]"
dropout,15,2.25,0,"[[4.5, -0.15, 0.3]]"
dropout,16,2.4,0,"[[4.5, -0.15, 0.3]]"
dropout,17,2.55,0,"[[4.5, -0.15, 0.3]]"
chicane,0,0.0,0,"[[4.8, -0.55, 0.38], [7.1, 0.65, 0.38]]"
chicane,1,0.15,0,"[[4.8, -0.55, 0.38], [7.1, 0.65, 0.38]]"
chicane,2,0.3,0,"[[4.8, -0.55, 0.38], [7.1, 0.65, 0.38]]"
chicane,3,0.45,0,"[[4.8, -0.55, 0.38], [7.1, 0.65, 0.38]]"
chicane,4,0.6,0,"[[4.8, -0.55, 0.38], [7.1, 0.65, 0.38]]"
chicane,5,0.75,0,"[[4.8, -0.55, 0.38], [7.1, 0.65, 0.38]]"
chicane,6,0.9,0,"[[4.8, -0.55, 0.38], [7.1, 0.65, 0.38]]"
chicane,7,1.05,0,"[[4.8, -0.55, 0.38], [7.1, 0.65, 0.38]]"
chicane,8,1.2,0,"[[4.8, -0.55, 0.38], [7.1, 0.65, 0.38]]"
chicane,9,1.35,0,"[[4.8, -0.55, 0.38], [7.1, 0.65, 0.38]]"
chicane,10,1.5,0,"[[4.8, -0.55, 0.38], [7.1, 0.65, 0.38]]"
chicane,11,1.65,0,"[[4.8, -0.55, 0.38], [7.1, 0.65, 0.38]]"
chicane,12,1.8,0,"[[4.8, -0.55, 0.38], [7.1, 0.65, 0.38]]"
chicane,13,1.95,0,"[[4.8, -0.55, 0.38], [7.1, 0.65, 0.38]]"
chicane,14,2.1,0,"[[4.8, -0.55, 0.38], [7.1, 0.65, 0.38]]"
chicane,15,2.25,0,"[[4.8, -0.55, 0.38], [7.1, 0.65, 0.38]]"
chicane,16,2.4,0,"[[4.8, -0.55, 0.38], [7.1, 0.65, 0.38]]"
chicane,17,2.55,0,"[[4.8, -0.55, 0.38], [7.1, 0.65, 0.38]]"
