sequence,frame,near_center,far_center,near_lines_found,far_lines_found
clear,000.png,241.25,243.0,2,2
clear,001.png,242.5,244.0,2,2
clear,002.png,243.5,245.0,2,2
clear,003.png,244.75,245.75,2,2
clear,004.png,245.75,246.25,2,2
clear,005.png,247.0,247.0,2,2
clear,006.png,248.25,248.0,2,2
clear,007.png,249.25,248.75,2,2
clear,008.png,250.0,249.0,2,2
clear,009.png,250.75,250.0,2,2
clear,010.png,251.5,250.0,2,2
clear,011.png,252.25,250.75,2,2
clear,012.png,253.25,251.0,2,2
clear,013.png,253.5,251.0,2,2
clear,014.png,254.25,251.25,2,2
clear,015.png,254.25,251.75,2,2
clear,016.png,254.5,251.75,2,2
clear,017.png,254.5,251.75,2,2
clear,018.png,254.75,251.25,2,2
clear,019.png,254.5,251.0,2,2
clear,020.png,254.5,251.0,2,2
clear,021.png,254.25,250.5,2,2
clear,022.png,254.0,250.0,2,2
clear,023.png,253.25,249.75,2,2
shadow,000.png,,243.0,1,2
shadow,001.png,,244.0,1,2
shadow,002.png,,245.75,1,2
shadow,003.png,243.5,,2,1
shadow,004.png,245.75,,2,1
shadow,005.png,247.0,,2,1
shadow,006.png,248.25,,2,1
shadow,007.png,249.25,,2,1
shadow,008.png,250.0,,2,1
shadow,009.png,250.75,,2,1
shadow,010.png,251.5,,2,1
shadow,011.png,252.25,,2,1
shadow,012.png,253.25,250.25,2,2
shadow,013.png,253.5,251.0,2,2
shadow,014.png,254.25,251.25,2,2
shadow,015.png,254.25,251.75,2,2
shadow,016.png,254.5,251.75,2,2
shadow,017.png,254.5,251.75,2,2
shadow,018.png,254.75,251.25,2,2
shadow,019.png,254.5,251.0,2,2
shadow,020.png,254.5,251.0,2,2
shadow,021.png,254.25,,2,1
shadow,022.png,,,1,1
shadow,023.png,,,1,1
missing,000.png,,175.25,1,2
missing,001.png,,176.25,1,2
missing,002.png,,178.0,1,2
missing,003.png,243.5,,2,1
missing,004.png,245.75,,2,1
missing,005.png,247.0,,2,1
missing,006.png,248.25,,2,1
missing,007.png,249.25,,2,1
missing,008.png,250.0,,2,1
missing,009.png,250.75,,2,1
missing,010.png,251.5,,2,1
missing,011.png,252.25,,2,1
missing,012.png,253.25,184.5,2,2
missing,013.png,253.5,185.25,2,2
missing,014.png,254.25,185.25,2,2
missing,015.png,254.25,186.25,2,2
missing,016.png,254.5,186.25,2,2
missing,017.png,254.5,186.25,2,2
missing,018.png,254.75,185.75,2,2
missing,019.png,254.5,185.75,2,2
missing,020.png,254.5,185.75,2,2
missing,021.png,254.25,185.5,2,2
missing,022.png,,185.25,1,2
missing,023.png,,184.75,1,2
